S.N,Team 1,Team 2,Winner,Margin,Ground,Match Date,Scorecard,Win Team
0,New Zealand,Sri Lanka,New Zealand,45 runs,Mount Maunganui,2019-01-03,ODI # 4074,Team 1
1,New Zealand,Sri Lanka,New Zealand,21 runs,Mount Maunganui,2019-01-04,ODI # 4075,Team 1
2,New Zealand,Sri Lanka,New Zealand,115 runs,Nelson,2019-01-05,ODI # 4076,Team 1
3,Australia,India,Australia,34 runs,Sydney,2019-01-06,ODI # 4077,Team 1
4,Australia,India,India,6 wickets,Adelaide,2019-01-07,ODI # 4078,Team 2
5,Australia,India,India,7 wickets,Melbourne,2019-01-08,ODI # 4079,Team 2
6,South Africa,Pakistan,Pakistan,5 wickets,Gqeberha,2019-01-09,ODI # 4080,Team 2
7,South Africa,Pakistan,South Africa,5 wickets,Durban,2019-01-10,ODI # 4081,Team 1
8,New Zealand,India,India,8 wickets,Napier,2019-01-11,ODI # 4082,Team 2
9,U.A.E.,Nepal,U.A.E.,3 wickets,ICCA Dubai,2019-01-12,ODI # 4083,Team 1
10,South Africa,Pakistan,South Africa,13 runs,Centurion,2019-01-13,ODI # 4084,Team 1
11,New Zealand,India,India,90 runs,Mount Maunganui,2019-01-14,ODI # 4085,Team 2
12,U.A.E.,Nepal,Nepal,145 runs,ICCA Dubai,2019-01-15,ODI # 4086,Team 2
13,South Africa,Pakistan,Pakistan,8 wickets,Johannesburg,2019-01-16,ODI # 4087,Team 2
14,New Zealand,India,India,7 wickets,Mount Maunganui,2019-01-17,ODI # 4088,Team 2
15,U.A.E.,Nepal,Nepal,4 wickets,ICCA Dubai,2019-01-18,ODI # 4089,Team 2
16,South Africa,Pakistan,South Africa,7 wickets,Cape Town,2019-01-19,ODI # 4090,Team 1
17,New Zealand,India,New Zealand,8 wickets,Hamilton,2019-01-20,ODI # 4091,Team 1
18,New Zealand,India,India,35 runs,Wellington,2019-01-21,ODI # 4092,Team 2
19,New Zealand,Bangladesh,New Zealand,8 wickets,Napier,2019-02-13,ODI # 4093,Team 1
20,New Zealand,Bangladesh,New Zealand,8 wickets,Christchurch,2019-02-16,ODI # 4094,Team 1
21,New Zealand,Bangladesh,New Zealand,88 runs,Dunedin,2019-02-20,ODI # 4095,Team 1
22,West Indies,England,England,6 wickets,Bridgetown,2019-02-20,ODI # 4096,Team 2
23,West Indies,England,West Indies,26 runs,Bridgetown,2019-02-22,ODI # 4097,Team 1
24,West Indies,England,no result,-,St George's,2019-02-25,ODI # 4098,No Result
25,West Indies,England,England,29 runs,St George's,2019-02-27,ODI # 4099,Team 2
26,Afghanistan,Ireland,Afghanistan,5 wickets,Dehradun,2019-02-28,ODI # 4100,Team 1
27,Afghanistan,Ireland,no result,-,Dehradun,2019-03-02,ODI # 4101,No Result
28,India,Australia,India,6 wickets,Hyderabad,2019-03-02,ODI # 4102,Team 1
29,West Indies,England,West Indies,7 wickets,Gros Islet,2019-03-02,ODI # 4103,Team 1
30,South Africa,Sri Lanka,South Africa,8 wickets,Johannesburg,2019-03-03,ODI # 4104,Team 1
31,Afghanistan,Ireland,Ireland,4 wickets,Dehradun,2019-03-05,ODI # 4105,Team 2
32,India,Australia,India,8 runs,Nagpur,2019-03-05,ODI # 4106,Team 1
33,South Africa,Sri Lanka,South Africa,113 runs,Centurion,2019-03-06,ODI # 4107,Team 1
34,Afghanistan,Ireland,Afghanistan,109 runs,Dehradun,2019-03-08,ODI # 4108,Team 1
35,India,Australia,Australia,32 runs,Ranchi,2019-03-08,ODI # 4109,Team 2
36,Afghanistan,Ireland,Ireland,5 wickets,Dehradun,2019-03-10,ODI # 4110,Team 2
37,India,Australia,Australia,4 wickets,Mohali,2019-03-10,ODI # 4111,Team 2
38,South Africa,Sri Lanka,South Africa,71 runs,Durban,2019-03-10,ODI # 4112,Team 1
39,India,Australia,Australia,35 runs,Delhi,2019-03-13,ODI # 4113,Team 2
40,South Africa,Sri Lanka,South Africa,6 wickets,Gqeberha,2019-03-13,ODI # 4114,Team 1
41,South Africa,Sri Lanka,South Africa,41 runs,Cape Town,2019-03-16,ODI # 4115,Team 1
42,Australia,Pakistan,Australia,8 wickets,Sharjah,2019-03-22,ODI # 4116,Team 1
43,Australia,Pakistan,Australia,8 wickets,Sharjah,2019-03-24,ODI # 4117,Team 1
44,Australia,Pakistan,Australia,80 runs,Abu Dhabi,2019-03-27,ODI # 4118,Team 1
45,Australia,Pakistan,Australia,6 runs,Dubai (DSC),2019-03-29,ODI # 4119,Team 1
46,Australia,Pakistan,Australia,20 runs,Dubai (DSC),2019-03-31,ODI # 4120,Team 1
47,Zimbabwe,U.A.E.,Zimbabwe,7 wickets,Harare,2019-04-01,ODI # 4121,Team 1
48,Zimbabwe,U.A.E.,Zimbabwe,4 runs,Harare,2019-04-02,ODI # 4122,Team 1
49,Zimbabwe,U.A.E.,Zimbabwe,131 runs,Harare,2019-04-03,ODI # 4123,Team 1
50,Zimbabwe,U.A.E.,Zimbabwe,3 wickets,Harare,2019-04-04,ODI # 4124,Team 1
51,Namibia,Oman,Namibia,145 runs,Windhoek,2019-04-05,ODI # 4125,Team 1
52,P.N.G.,U.S.A.,P.N.G.,5 wickets,Windhoek,2019-04-06,ODI # 4126,Team 1
53,Ireland,England,England,4 wickets,Dublin (Malahide),2019-04-07,ODI # 4127,Team 2
54,Ireland,West Indies,West Indies,196 runs,Dublin,2019-04-08,ODI # 4128,Team 2
55,Bangladesh,West Indies,Bangladesh,8 wickets,Dublin,2019-04-09,ODI # 4129,Team 1
56,England,Pakistan,no result,-,The Oval,2019-04-10,ODI # 4130,No Result
57,Scotland,Afghanistan,Afghanistan,2 runs,Edinburgh,2019-05-10,ODI # 4131,Team 2
58,Ireland,West Indies,West Indies,5 wickets,Dublin (Malahide),2019-05-11,ODI # 4132,Team 2
59,England,Pakistan,England,12 runs,Southampton,2019-05-11,ODI # 4133,Team 1
60,Bangladesh,West Indies,Bangladesh,5 wickets,Dublin (Malahide),2019-05-13,ODI # 4134,Team 1
61,England,Pakistan,England,6 wickets,Bristol,2019-05-14,ODI # 4135,Team 1
62,Ireland,Bangladesh,Bangladesh,6 wickets,Dublin,2019-05-15,ODI # 4136,Team 2
63,Bangladesh,West Indies,Bangladesh,5 wickets,Dublin (Malahide),2019-05-17,ODI # 4137,Team 1
64,England,Pakistan,England,3 wickets,Nottingham,2019-05-17,ODI # 4138,Team 1
65,Ireland,Afghanistan,Ireland,72 runs,Belfast,2019-05-19,ODI # 4139,Team 1
66,England,Pakistan,England,54 runs,Leeds,2019-05-19,ODI # 4140,Team 1
67,Ireland,Afghanistan,Afghanistan,126 runs,Belfast,2019-05-21,ODI # 4141,Team 2
68,Scotland,Sri Lanka,Sri Lanka,35 runs,Edinburgh,2019-05-21,ODI # 4142,Team 2
69,England,South Africa,England,104 runs,The Oval,2019-05-30,ODI # 4143,Team 1
70,Pakistan,West Indies,West Indies,7 wickets,Nottingham,2019-05-31,ODI # 4144,Team 2
71,New Zealand,Sri Lanka,New Zealand,10 wickets,Cardiff,2019-06-01,ODI # 4145,Team 1
72,Afghanistan,Australia,Australia,7 wickets,Bristol,2019-06-01,ODI # 4146,Team 2
73,Bangladesh,South Africa,Bangladesh,21 runs,The Oval,2019-06-02,ODI # 4147,Team 1
74,England,Pakistan,Pakistan,14 runs,Nottingham,2019-06-03,ODI # 4148,Team 2
75,Afghanistan,Sri Lanka,Sri Lanka,34 runs,Cardiff,2019-06-04,ODI # 4149,Team 2
76,India,South Africa,India,6 wickets,Southampton,2019-06-05,ODI # 4150,Team 1
77,Bangladesh,New Zealand,New Zealand,2 wickets,The Oval,2019-06-05,ODI # 4151,Team 2
78,Australia,West Indies,Australia,15 runs,Nottingham,2019-06-06,ODI # 4152,Team 1
79,England,Bangladesh,England,106 runs,Cardiff,2019-06-08,ODI # 4153,Team 1
80,Afghanistan,New Zealand,New Zealand,7 wickets,Taunton,2019-06-08,ODI # 4154,Team 2
81,Australia,India,India,36 runs,The Oval,2019-06-09,ODI # 4155,Team 2
82,South Africa,West Indies,no result,-,Southampton,2019-06-10,ODI # 4156,No Result
83,Australia,Pakistan,Australia,41 runs,Taunton,2019-06-12,ODI # 4157,Team 1
84,England,West Indies,England,8 wickets,Southampton,2019-06-14,ODI # 4158,Team 1
85,Australia,Sri Lanka,Australia,87 runs,The Oval,2019-06-15,ODI # 4159,Team 1
86,Afghanistan,South Africa,South Africa,9 wickets,Cardiff,2019-06-15,ODI # 4160,Team 2
87,India,Pakistan,India,89 runs,Manchester,2019-06-16,ODI # 4161,Team 1
88,Bangladesh,West Indies,Bangladesh,7 wickets,Taunton,2019-06-17,ODI # 4162,Team 1
89,England,Afghanistan,England,150 runs,Manchester,2019-06-18,ODI # 4163,Team 1
90,Netherlands,Zimbabwe,Netherlands,7 wickets,Deventer,2019-06-19,ODI # 4164,Team 1
91,New Zealand,South Africa,New Zealand,4 wickets,Birmingham,2019-06-19,ODI # 4165,Team 1
92,Australia,Bangladesh,Australia,48 runs,Nottingham,2019-06-20,ODI # 4166,Team 1
93,Netherlands,Zimbabwe,Netherlands,3 wickets,Deventer,2019-06-21,ODI # 4167,Team 1
94,England,Sri Lanka,Sri Lanka,20 runs,Leeds,2019-06-21,ODI # 4168,Team 2
95,Afghanistan,India,India,11 runs,Southampton,2019-06-22,ODI # 4169,Team 2
96,New Zealand,West Indies,New Zealand,5 runs,Manchester,2019-06-22,ODI # 4170,Team 1
97,Pakistan,South Africa,Pakistan,49 runs,Lord's,2019-06-23,ODI # 4171,Team 1
98,Afghanistan,Bangladesh,Bangladesh,62 runs,Southampton,2019-06-24,ODI # 4172,Team 2
99,England,Australia,Australia,64 runs,Lord's,2019-06-25,ODI # 4173,Team 2
100,New Zealand,Pakistan,Pakistan,6 wickets,Birmingham,2019-06-26,ODI # 4174,Team 2
101,India,West Indies,India,125 runs,Manchester,2019-06-27,ODI # 4175,Team 1
102,South Africa,Sri Lanka,South Africa,9 wickets,Chester-le-Street,2019-06-28,ODI # 4176,Team 1
103,Afghanistan,Pakistan,Pakistan,3 wickets,Leeds,2019-06-29,ODI # 4177,Team 2
104,Australia,New Zealand,Australia,86 runs,Lord's,2019-06-29,ODI # 4178,Team 1
105,England,India,England,31 runs,Birmingham,2019-06-30,ODI # 4179,Team 1
106,Sri Lanka,West Indies,Sri Lanka,23 runs,Chester-le-Street,2019-07-01,ODI # 4180,Team 1
107,Ireland,Zimbabwe,Ireland,4 wickets,Bready,2019-07-01,ODI # 4181,Team 1
108,Bangladesh,India,India,28 runs,Birmingham,2019-07-02,ODI # 4182,Team 2
109,England,New Zealand,England,119 runs,Chester-le-Street,2019-07-03,ODI # 4183,Team 1
110,Afghanistan,West Indies,West Indies,23 runs,Leeds,2019-07-04,ODI # 4184,Team 2
111,Ireland,Zimbabwe,Ireland,5 runs,Belfast,2019-07-04,ODI # 4185,Team 1
112,Bangladesh,Pakistan,Pakistan,94 runs,Lord's,2019-07-05,ODI # 4186,Team 2
113,India,Sri Lanka,India,7 wickets,Leeds,2019-07-06,ODI # 4187,Team 1
114,Australia,South Africa,South Africa,10 runs,Manchester,2019-07-06,ODI # 4188,Team 2
115,Ireland,Zimbabwe,Ireland,6 wickets,Belfast,2019-07-07,ODI # 4189,Team 1
116,India,New Zealand,New Zealand,18 runs,Manchester,2019-07-09,ODI # 4190,Team 2
117,England,Australia,England,8 wickets,Birmingham,2019-07-11,ODI # 4191,Team 1
118,England,New Zealand,tied,-,Lord's,2019-07-14,ODI # 4192,No Result
119,Sri Lanka,Bangladesh,Sri Lanka,91 runs,Colombo (RPS),2019-07-26,ODI # 4193,Team 1
120,Sri Lanka,Bangladesh,Sri Lanka,7 wickets,Colombo (RPS),2019-07-28,ODI # 4194,Team 1
121,Sri Lanka,Bangladesh,Sri Lanka,122 runs,Colombo (RPS),2019-07-31,ODI # 4195,Team 1
122,West Indies,India,no result,-,Providence,2019-08-08,ODI # 4196,No Result
123,West Indies,India,India,59 runs,Port of Spain,2019-08-11,ODI # 4197,Team 2
124,Oman,P.N.G.,Oman,4 wickets,Aberdeen,2019-08-14,ODI # 4198,Team 1
125,West Indies,India,India,6 wickets,Port of Spain,2019-08-14,ODI # 4199,Team 2
126,Scotland,Oman,Oman,8 wickets,Aberdeen,2019-08-15,ODI # 4200,Team 2
127,Scotland,P.N.G.,Scotland,3 wickets,Aberdeen,2019-08-17,ODI # 4201,Team 1
128,Scotland,Oman,Scotland,85 runs,Aberdeen,2019-08-18,ODI # 4202,Team 1
129,Scotland,P.N.G.,Scotland,38 runs,Aberdeen,2019-08-20,ODI # 4203,Team 1
130,Oman,P.N.G.,Oman,4 wickets,Aberdeen,2019-08-21,ODI # 4204,Team 1
131,U.S.A.,P.N.G.,U.S.A.,5 runs,Lauderhill,2019-09-13,ODI # 4205,Team 1
132,U.S.A.,Namibia,U.S.A.,5 wickets,Lauderhill,2019-09-17,ODI # 4206,Team 1
133,U.S.A.,P.N.G.,U.S.A.,62 runs,Lauderhill,2019-09-19,ODI # 4207,Team 1
134,U.S.A.,Namibia,Namibia,139 runs,Lauderhill,2019-09-20,ODI # 4208,Team 2
135,Namibia,P.N.G.,Namibia,4 wickets,Lauderhill,2019-09-22,ODI # 4209,Team 1
136,Namibia,P.N.G.,Namibia,27 runs,Lauderhill,2019-09-23,ODI # 4210,Team 1
137,Pakistan,Sri Lanka,Pakistan,67 runs,Karachi,2019-09-30,ODI # 4211,Team 1
138,Pakistan,Sri Lanka,Pakistan,5 wickets,Karachi,2019-10-02,ODI # 4212,Team 1
139,Afghanistan,West Indies,West Indies,7 wickets,Lucknow,2019-11-06,ODI # 4213,Team 2
140,Afghanistan,West Indies,West Indies,47 runs,Lucknow,2019-11-09,ODI # 4214,Team 2
141,Afghanistan,West Indies,West Indies,5 wickets,Lucknow,2019-11-11,ODI # 4215,Team 2
142,U.A.E.,U.S.A.,U.S.A.,3 wickets,Sharjah,2019-12-08,ODI # 4216,Team 2
143,Scotland,U.S.A.,U.S.A.,35 runs,Sharjah,2019-12-09,ODI # 4217,Team 2
144,U.A.E.,U.S.A.,U.S.A.,98 runs,ICCA Dubai,2019-12-12,ODI # 4218,Team 2
145,Scotland,U.S.A.,Scotland,4 wickets,ICCA Dubai,2019-12-14,ODI # 4219,Team 1
146,U.A.E.,Scotland,U.A.E.,7 wickets,ICCA Dubai,2019-12-15,ODI # 4220,Team 1
147,India,West Indies,West Indies,8 wickets,Chennai,2019-12-15,ODI # 4221,Team 2
148,India,West Indies,India,107 runs,Visakhapatnam,2019-12-18,ODI # 4222,Team 1
149,India,West Indies,India,4 wickets,Cuttack,2019-12-22,ODI # 4223,Team 1
150,Oman,U.A.E.,Oman,5 wickets,Al Amerat,2020-01-05,ODI # 4224,Team 1
151,Namibia,U.A.E.,U.A.E.,8 runs,Al Amerat,2020-01-06,ODI # 4225,Team 2
152,West Indies,Ireland,West Indies,5 wickets,Bridgetown,2020-01-07,ODI # 4226,Team 1
153,Oman,Namibia,Namibia,52 runs,Al Amerat,2020-01-08,ODI # 4227,Team 2
154,Namibia,U.A.E.,U.A.E.,8 wickets,Al Amerat,2020-01-09,ODI # 4228,Team 2
155,West Indies,Ireland,West Indies,1 wicket,Bridgetown,2020-01-09,ODI # 4229,Team 1
156,West Indies,Ireland,West Indies,5 wickets,St George's,2020-01-12,ODI # 4230,Team 1
157,India,Australia,Australia,10 wickets,Wankhede,2020-01-14,ODI # 4231,Team 2
158,India,Australia,India,36 runs,Rajkot,2020-01-17,ODI # 4232,Team 1
159,India,Australia,India,7 wickets,Bengaluru,2020-01-19,ODI # 4233,Team 1
160,South Africa,England,South Africa,7 wickets,Cape Town,2020-02-04,ODI # 4234,Team 1
161,New Zealand,India,New Zealand,4 wickets,Hamilton,2020-02-05,ODI # 4235,Team 1
162,Nepal,Oman,Oman,18 runs,Kirtipur,2020-02-05,ODI # 4236,Team 2
163,Oman,U.S.A.,Oman,6 wickets,Kirtipur,2020-02-06,ODI # 4237,Team 1
164,South Africa,England,no result,-,Durban,2020-02-07,ODI # 4238,No Result
165,New Zealand,India,New Zealand,22 runs,Auckland,2020-02-08,ODI # 4239,Team 1
166,Nepal,U.S.A.,Nepal,35 runs,Kirtipur,2020-02-08,ODI # 4240,Team 1
167,Nepal,Oman,Oman,8 wickets,Kirtipur,2020-02-09,ODI # 4241,Team 2
168,South Africa,England,England,2 wickets,Johannesburg,2020-02-09,ODI # 4242,Team 2
169,New Zealand,India,New Zealand,5 wickets,Mount Maunganui,2020-02-11,ODI # 4243,Team 1
170,Oman,U.S.A.,Oman,92 runs,Kirtipur,2020-02-11,ODI # 4244,Team 1
171,Nepal,U.S.A.,Nepal,8 wickets,Kirtipur,2020-02-12,ODI # 4245,Team 1
172,Sri Lanka,West Indies,Sri Lanka,1 wicket,Colombo (SSC),2020-02-22,ODI # 4246,Team 1
173,Sri Lanka,West Indies,Sri Lanka,161 runs,Hambantota,2020-02-26,ODI # 4247,Team 1
174,South Africa,Australia,South Africa,74 runs,Paarl,2020-02-29,ODI # 4248,Team 1
175,Bangladesh,Zimbabwe,Bangladesh,169 runs,Sylhet,2020-03-01,ODI # 4249,Team 1
176,Sri Lanka,West Indies,Sri Lanka,6 runs,Pallekele,2020-03-01,ODI # 4250,Team 1
177,Bangladesh,Zimbabwe,Bangladesh,4 runs,Sylhet,2020-03-03,ODI # 4251,Team 1
178,South Africa,Australia,South Africa,6 wickets,Bloemfontein,2020-03-04,ODI # 4252,Team 1
179,Bangladesh,Zimbabwe,Bangladesh,123 runs,Sylhet,2020-03-06,ODI # 4253,Team 1
180,South Africa,Australia,South Africa,6 wickets,Potchefstroom,2020-03-07,ODI # 4254,Team 1
181,Australia,New Zealand,Australia,71 runs,Sydney,2020-03-13,ODI # 4255,Team 1
182,England,Ireland,England,6 wickets,Southampton,2020-07-30,ODI # 4256,Team 1
183,England,Ireland,England,4 wickets,Southampton,2020-08-01,ODI # 4257,Team 1
184,England,Ireland,Ireland,7 wickets,Southampton,2020-08-04,ODI # 4258,Team 2
185,England,Australia,Australia,19 runs,Manchester,2020-09-11,ODI # 4259,Team 2
186,England,Australia,England,24 runs,Manchester,2020-09-13,ODI # 4260,Team 1
187,England,Australia,Australia,3 wickets,Manchester,2020-09-16,ODI # 4261,Team 2
188,Pakistan,Zimbabwe,Pakistan,26 runs,Rawalpindi,2020-10-30,ODI # 4262,Team 1
189,Pakistan,Zimbabwe,Pakistan,6 wickets,Rawalpindi,2020-11-01,ODI # 4263,Team 1
190,Pakistan,Zimbabwe,tied,-,Rawalpindi,2020-11-03,ODI # 4264,No Result
191,Australia,India,Australia,66 runs,Sydney,2020-11-27,ODI # 4265,Team 1
192,Australia,India,Australia,51 runs,Sydney,2020-11-29,ODI # 4266,Team 1
193,Australia,India,India,13 runs,Canberra,2020-12-02,ODI # 4267,Team 2
194,U.A.E.,Ireland,U.A.E.,6 wickets,Abu Dhabi,2021-01-08,ODI # 4268,Team 1
195,U.A.E.,Ireland,Ireland,112 runs,Abu Dhabi,2021-01-18,ODI # 4269,Team 2
196,Bangladesh,West Indies,Bangladesh,6 wickets,Mirpur,2021-01-20,ODI # 4270,Team 1
197,Afghanistan,Ireland,Afghanistan,16 runs,Abu Dhabi,2021-01-21,ODI # 4271,Team 1
198,Bangladesh,West Indies,Bangladesh,7 wickets,Mirpur,2021-01-22,ODI # 4272,Team 1
199,Afghanistan,Ireland,Afghanistan,7 wickets,Abu Dhabi,2021-01-24,ODI # 4273,Team 1
200,Bangladesh,West Indies,Bangladesh,120 runs,Chattogram,2021-01-25,ODI # 4274,Team 1
201,Afghanistan,Ireland,Afghanistan,36 runs,Abu Dhabi,2021-01-26,ODI # 4275,Team 1
202,West Indies,Sri Lanka,West Indies,8 wickets,North Sound,2021-03-10,ODI # 4276,Team 1
203,West Indies,Sri Lanka,West Indies,5 wickets,North Sound,2021-03-12,ODI # 4277,Team 1
204,West Indies,Sri Lanka,West Indies,5 wickets,North Sound,2021-03-14,ODI # 4278,Team 1
205,New Zealand,Bangladesh,New Zealand,8 wickets,Dunedin,2021-03-20,ODI # 4279,Team 1
206,New Zealand,Bangladesh,New Zealand,5 wickets,Christchurch,2021-03-23,ODI # 4280,Team 1
207,India,England,India,66 runs,Pune,2021-03-23,ODI # 4281,Team 1
208,New Zealand,Bangladesh,New Zealand,164 runs,Wellington,2021-03-26,ODI # 4282,Team 1
209,India,England,England,6 wickets,Pune,2021-03-26,ODI # 4283,Team 2
210,India,England,India,7 runs,Pune,2021-03-28,ODI # 4284,Team 1
211,South Africa,Pakistan,Pakistan,3 wickets,Centurion,2021-04-02,ODI # 4285,Team 2
212,South Africa,Pakistan,South Africa,17 runs,Johannesburg,2021-04-04,ODI # 4286,Team 1
213,South Africa,Pakistan,Pakistan,28 runs,Centurion,2021-04-07,ODI # 4287,Team 2
214,Netherlands,Scotland,Netherlands,14 runs,Rotterdam,2021-05-19,ODI # 4288,Team 1
215,Netherlands,Scotland,Scotland,6 wickets,Rotterdam,2021-05-20,ODI # 4289,Team 2
216,Bangladesh,Sri Lanka,Bangladesh,33 runs,Mirpur,2021-05-23,ODI # 4290,Team 1
217,Bangladesh,Sri Lanka,Bangladesh,103 runs,Mirpur,2021-05-25,ODI # 4291,Team 1
218,Bangladesh,Sri Lanka,Sri Lanka,97 runs,Mirpur,2021-05-28,ODI # 4292,Team 2
219,Netherlands,Ireland,Netherlands,1 run,Utrecht,2021-06-02,ODI # 4293,Team 1
220,Netherlands,Ireland,Ireland,8 wickets,Utrecht,2021-06-04,ODI # 4294,Team 2
221,Netherlands,Ireland,Netherlands,4 wickets,Utrecht,2021-06-07,ODI # 4295,Team 1
222,England,Sri Lanka,England,5 wickets,Chester-le-Street,2021-06-29,ODI # 4296,Team 1
223,England,Sri Lanka,England,8 wickets,The Oval,2021-07-01,ODI # 4297,Team 1
224,England,Sri Lanka,no result,-,Bristol,2021-07-04,ODI # 4298,No Result
225,England,Pakistan,England,9 wickets,Cardiff,2021-07-08,ODI # 4299,Team 1
226,England,Pakistan,England,52 runs,Lord's,2021-07-10,ODI # 4300,Team 1
227,Ireland,South Africa,no result,-,Dublin (Malahide),2021-07-11,ODI # 4301,No Result
228,Ireland,South Africa,Ireland,43 runs,Dublin (Malahide),2021-07-13,ODI # 4302,Team 1
229,England,Pakistan,England,3 wickets,Birmingham,2021-07-13,ODI # 4303,Team 1
230,Zimbabwe,Bangladesh,Bangladesh,155 runs,Harare,2021-07-16,ODI # 4304,Team 2
231,Ireland,South Africa,South Africa,70 runs,Dublin (Malahide),2021-07-16,ODI # 4305,Team 2
232,Zimbabwe,Bangladesh,Bangladesh,3 wickets,Harare,2021-07-18,ODI # 4306,Team 2
233,Sri Lanka,India,India,7 wickets,Colombo (RPS),2021-07-18,ODI # 4307,Team 2
234,Zimbabwe,Bangladesh,Bangladesh,5 wickets,Harare,2021-07-20,ODI # 4308,Team 2
235,Sri Lanka,India,India,3 wickets,Colombo (RPS),2021-07-20,ODI # 4309,Team 2
236,West Indies,Australia,Australia,133 runs,Bridgetown,2021-07-20,ODI # 4310,Team 2
237,West Indies,Australia,West Indies,4 wickets,Bridgetown,2021-07-24,ODI # 4311,Team 1
238,Sri Lanka,India,Sri Lanka,3 wickets,Colombo (RPS),2021-07-23,ODI # 4312,Team 1
239,West Indies,Australia,Australia,6 wickets,Bridgetown,2021-07-26,ODI # 4313,Team 2
240,Sri Lanka,South Africa,Sri Lanka,14 runs,Colombo (RPS),2021-09-02,ODI # 4314,Team 1
241,Sri Lanka,South Africa,South Africa,67 runs,Colombo (RPS),2021-09-04,ODI # 4315,Team 2
242,P.N.G.,U.S.A.,U.S.A.,7 wickets,Al Amerat,2021-09-06,ODI # 4316,Team 2
243,Nepal,P.N.G.,Nepal,2 wickets,Al Amerat,2021-09-07,ODI # 4317,Team 1
244,Sri Lanka,South Africa,Sri Lanka,78 runs,Colombo (RPS),2021-09-07,ODI # 4318,Team 1
245,Ireland,Zimbabwe,Zimbabwe,38 runs,Belfast,2021-09-08,ODI # 4319,Team 2
246,P.N.G.,U.S.A.,U.S.A.,134 runs,Al Amerat,2021-09-09,ODI # 4320,Team 2
247,Ireland,Zimbabwe,no result,-,Belfast,2021-09-10,ODI # 4321,No Result
248,Nepal,P.N.G.,Nepal,151 runs,Al Amerat,2021-09-10,ODI # 4322,Team 1
249,Ireland,Zimbabwe,Ireland,7 wickets,Belfast,2021-09-13,ODI # 4323,Team 1
250,Nepal,U.S.A.,Nepal,5 wickets,Al Amerat,2021-09-13,ODI # 4324,Team 1
251,Oman,Nepal,Oman,5 wickets,Al Amerat,2021-09-14,ODI # 4325,Team 1
252,Oman,U.S.A.,Oman,4 wickets,Al Amerat,2021-09-16,ODI # 4326,Team 1
253,Nepal,U.S.A.,U.S.A.,6 wickets,Al Amerat,2021-09-17,ODI # 4327,Team 2
254,Oman,Nepal,Nepal,7 wickets,Al Amerat,2021-09-19,ODI # 4328,Team 2
255,Oman,U.S.A.,Oman,72 runs,Al Amerat,2021-09-20,ODI # 4329,Team 1
256,P.N.G.,Scotland,Scotland,6 wickets,Al Amerat,2021-09-25,ODI # 4330,Team 2
257,Oman,P.N.G.,Oman,110 runs,Al Amerat,2021-09-26,ODI # 4331,Team 1
258,Oman,Scotland,Scotland,18 runs,Al Amerat,2021-09-28,ODI # 4332,Team 2
259,P.N.G.,Scotland,Scotland,4 wickets,Al Amerat,2021-09-29,ODI # 4333,Team 2
260,Oman,P.N.G.,Oman,3 wickets,Al Amerat,2021-10-01,ODI # 4334,Team 1
261,Oman,Scotland,no result,-,Al Amerat,2021-10-02,ODI # 4335,No Result
262,Namibia,Oman,Namibia,40 runs,Windhoek,2021-11-26,ODI # 4336,Team 1
263,South Africa,Netherlands,no result,-,Centurion,2021-11-26,ODI # 4337,No Result
264,Namibia,Oman,Oman,9 runs,Windhoek,2021-11-27,ODI # 4338,Team 2
265,West Indies,Ireland,West Indies,24 runs,Kingston,2022-01-08,ODI # 4339,Team 1
266,West Indies,Ireland,Ireland,5 wickets,Kingston,2022-01-13,ODI # 4340,Team 2
267,Sri Lanka,Zimbabwe,Sri Lanka,5 wickets,Pallekele,2022-01-16,ODI # 4341,Team 1
268,West Indies,Ireland,Ireland,2 wickets,Kingston,2022-01-16,ODI # 4342,Team 2
269,Sri Lanka,Zimbabwe,Zimbabwe,22 runs,Pallekele,2022-01-18,ODI # 4343,Team 2
270,South Africa,India,South Africa,31 runs,Paarl,2022-01-19,ODI # 4344,Team 1
271,Afghanistan,Netherlands,Afghanistan,36 runs,Doha,2022-01-21,ODI # 4345,Team 1
272,South Africa,India,South Africa,7 wickets,Paarl,2022-01-21,ODI # 4346,Team 1
273,Sri Lanka,Zimbabwe,Sri Lanka,184 runs,Pallekele,2022-01-21,ODI # 4347,Team 1
274,Afghanistan,Netherlands,Afghanistan,48 runs,Doha,2022-01-23,ODI # 4348,Team 1
275,South Africa,India,South Africa,4 runs,Cape Town,2022-01-23,ODI # 4349,Team 1
276,Afghanistan,Netherlands,Afghanistan,75 runs,Doha,2022-01-25,ODI # 4350,Team 1
277,Oman,U.A.E.,U.A.E.,4 wickets,Al Amerat,2022-02-05,ODI # 4351,Team 2
278,Oman,U.A.E.,U.A.E.,4 wickets,Al Amerat,2022-02-06,ODI # 4352,Team 2
279,India,West Indies,India,6 wickets,Ahmedabad,2022-02-06,ODI # 4353,Team 1
280,Oman,U.A.E.,tied,-,Al Amerat,2022-02-08,ODI # 4354,No Result
281,India,West Indies,India,44 runs,Ahmedabad,2022-02-09,ODI # 4355,Team 1
282,India,West Indies,India,96 runs,Ahmedabad,2022-02-11,ODI # 4356,Team 1
283,Bangladesh,Afghanistan,Bangladesh,4 wickets,Chattogram,2022-02-23,ODI # 4357,Team 1
284,Bangladesh,Afghanistan,Bangladesh,88 runs,Chattogram,2022-02-25,ODI # 4358,Team 1
285,Bangladesh,Afghanistan,Afghanistan,7 wickets,Chattogram,2022-02-28,ODI # 4359,Team 2
286,U.A.E.,Oman,Oman,12 runs,ICCA Dubai,2022-03-05,ODI # 4360,Team 2
287,Namibia,Oman,Namibia,110 runs,ICCA Dubai,2022-03-06,ODI # 4361,Team 1
288,U.A.E.,Namibia,U.A.E.,3 wickets,ICCA Dubai,2022-03-08,ODI # 4362,Team 1
289,U.A.E.,Oman,Oman,8 runs,ICCA Dubai,2022-03-09,ODI # 4363,Team 2
290,Namibia,Oman,Oman,7 wickets,Sharjah,2022-03-11,ODI # 4364,Team 2
291,U.A.E.,Namibia,U.A.E.,43 runs,Sharjah,2022-03-12,ODI # 4365,Team 1
292,Namibia,Oman,Namibia,5 wickets,Dubai (DSC),2022-03-14,ODI # 4366,Team 1
293,U.A.E.,P.N.G.,U.A.E.,7 wickets,Sharjah,2022-03-15,ODI # 4367,Team 1
294,Nepal,P.N.G.,Nepal,2 wickets,Sharjah,2022-03-16,ODI # 4368,Team 1
295,U.A.E.,Nepal,U.A.E.,48 runs,Dubai (DSC),2022-03-18,ODI # 4369,Team 1
296,South Africa,Bangladesh,Bangladesh,38 runs,Centurion,2022-03-18,ODI # 4370,Team 2
297,U.A.E.,P.N.G.,P.N.G.,6 wickets,Dubai (DSC),2022-03-19,ODI # 4371,Team 2
298,South Africa,Bangladesh,South Africa,7 wickets,Johannesburg,2022-03-20,ODI # 4372,Team 1
299,U.A.E.,Nepal,U.A.E.,99 runs,Dubai (DSC),2022-03-21,ODI # 4373,Team 1
300,Nepal,P.N.G.,Nepal,7 wickets,Dubai (DSC),2022-03-22,ODI # 4374,Team 1
301,South Africa,Bangladesh,Bangladesh,9 wickets,Centurion,2022-03-23,ODI # 4375,Team 2
302,Nepal,P.N.G.,P.N.G.,6 runs,Kirtipur,2022-03-25,ODI # 4376,Team 2
303,Nepal,P.N.G.,P.N.G.,3 wickets,Kirtipur,2022-03-26,ODI # 4377,Team 2
304,New Zealand,Netherlands,New Zealand,7 wickets,Mount Maunganui,2022-03-29,ODI # 4378,Team 1
305,Pakistan,Australia,Australia,88 runs,Lahore,2022-03-29,ODI # 4379,Team 2
306,Pakistan,Australia,Pakistan,6 wickets,Lahore,2022-03-31,ODI # 4380,Team 1
307,New Zealand,Netherlands,New Zealand,118 runs,Hamilton,2022-04-02,ODI # 4381,Team 1
308,Pakistan,Australia,Pakistan,9 wickets,Lahore,2022-04-02,ODI # 4382,Team 1
309,New Zealand,Netherlands,New Zealand,115 runs,Hamilton,2022-04-04,ODI # 4383,Team 1
310,P.N.G.,Scotland,Scotland,162 runs,Dubai (DSC),2022-04-09,ODI # 4384,Team 2
311,Oman,Scotland,Scotland,4 runs,Dubai (DSC),2022-04-10,ODI # 4385,Team 2
312,Oman,P.N.G.,Oman,7 wickets,Dubai (DSC),2022-04-12,ODI # 4386,Team 1
313,P.N.G.,Scotland,Scotland,123 runs,Dubai (DSC),2022-04-13,ODI # 4387,Team 2
314,Oman,Scotland,Scotland,2 wickets,Dubai (DSC),2022-04-15,ODI # 4388,Team 2
315,Oman,P.N.G.,Oman,85 runs,Dubai (DSC),2022-04-16,ODI # 4389,Team 1
316,U.S.A.,Scotland,U.S.A.,104 runs,Pearland,2022-05-28,ODI # 4390,Team 1
317,U.S.A.,Scotland,Scotland,111 runs,Pearland,2022-05-29,ODI # 4391,Team 2
318,Netherlands,West Indies,West Indies,7 wickets,Amstelveen,2022-05-31,ODI # 4392,Team 2
319,Scotland,U.A.E.,Scotland,4 wickets,Pearland,2022-05-31,ODI # 4393,Team 1
320,U.S.A.,U.A.E.,U.S.A.,4 wickets,Pearland,2022-06-01,ODI # 4394,Team 1
321,Netherlands,West Indies,West Indies,5 wickets,Amstelveen,2022-06-02,ODI # 4395,Team 2
322,Scotland,U.A.E.,U.A.E.,5 wickets,Pearland,2022-06-03,ODI # 4396,Team 2
323,Zimbabwe,Afghanistan,Afghanistan,60 runs,Harare,2022-06-04,ODI # 4397,Team 2
324,Netherlands,West Indies,West Indies,20 runs,Amstelveen,2022-06-04,ODI # 4398,Team 2
325,U.S.A.,U.A.E.,U.A.E.,8 wickets,Pearland,2022-06-04,ODI # 4399,Team 2
326,Zimbabwe,Afghanistan,Afghanistan,8 wickets,Harare,2022-06-06,ODI # 4400,Team 2
327,Pakistan,West Indies,Pakistan,5 wickets,Multan,2022-06-08,ODI # 4401,Team 1
328,U.S.A.,Oman,U.S.A.,114 runs,Pearland,2022-06-08,ODI # 4402,Team 1
329,Zimbabwe,Afghanistan,Afghanistan,4 wickets,Harare,2022-06-09,ODI # 4403,Team 2
330,Nepal,Oman,Oman,13 runs,Pearland,2022-06-09,ODI # 4404,Team 2
331,Pakistan,West Indies,Pakistan,120 runs,Multan,2022-06-10,ODI # 4405,Team 1
332,U.S.A.,Nepal,tied,-,Pearland,2022-06-11,ODI # 4406,No Result
333,Pakistan,West Indies,Pakistan,53 runs,Multan,2022-06-12,ODI # 4407,Team 1
334,U.S.A.,Oman,Oman,13 runs,Pearland,2022-06-12,ODI # 4408,Team 2
335,Sri Lanka,Australia,Australia,2 wickets,Pallekele,2022-06-14,ODI # 4409,Team 2
336,Nepal,Oman,Nepal,7 wickets,Pearland,2022-06-14,ODI # 4410,Team 1
337,U.S.A.,Nepal,U.S.A.,39 runs,Pearland,2022-06-15,ODI # 4411,Team 1
338,Sri Lanka,Australia,Sri Lanka,26 runs,Pallekele,2022-06-16,ODI # 4412,Team 1
339,Netherlands,England,England,232 runs,Amstelveen,2022-06-17,ODI # 4413,Team 2
340,Netherlands,England,England,6 wickets,Amstelveen,2022-06-19,ODI # 4414,Team 2
341,Sri Lanka,Australia,Sri Lanka,6 wickets,Colombo (RPS),2022-06-19,ODI # 4415,Team 1
342,Sri Lanka,Australia,Sri Lanka,4 runs,Colombo (RPS),2022-06-21,ODI # 4416,Team 1
343,Netherlands,England,England,8 wickets,Amstelveen,2022-06-22,ODI # 4417,Team 2
344,Sri Lanka,Australia,Australia,4 wickets,Colombo (RPS),2022-06-24,ODI # 4418,Team 2
345,Ireland,New Zealand,New Zealand,1 wicket,Dublin (Malahide),2022-07-10,ODI # 4419,Team 2
346,Scotland,Namibia,Scotland,77 runs,Glasgow,2022-07-10,ODI # 4420,Team 1
347,West Indies,Bangladesh,Bangladesh,6 wickets,Providence,2022-07-10,ODI # 4421,Team 2
348,Namibia,Nepal,Namibia,40 runs,Ayr,2022-07-11,ODI # 4422,Team 1
349,Ireland,New Zealand,New Zealand,3 wickets,Dublin (Malahide),2022-07-12,ODI # 4423,Team 2
350,England,India,India,10 wickets,The Oval,2022-07-12,ODI # 4424,Team 2
351,Scotland,Nepal,Nepal,5 wickets,Glasgow,2022-07-13,ODI # 4425,Team 2
352,West Indies,Bangladesh,Bangladesh,9 wickets,Providence,2022-07-13,ODI # 4426,Team 2
353,Scotland,Namibia,Scotland,3 wickets,Glasgow,2022-07-14,ODI # 4427,Team 1
354,England,India,England,100 runs,Lord's,2022-07-14,ODI # 4428,Team 1
355,Ireland,New Zealand,New Zealand,1 run,Dublin (Malahide),2022-07-15,ODI # 4429,Team 2
356,Namibia,Nepal,Namibia,63 runs,Ayr,2022-07-16,ODI # 4430,Team 1
357,West Indies,Bangladesh,Bangladesh,4 wickets,Providence,2022-07-16,ODI # 4431,Team 2
358,Scotland,Nepal,Scotland,8 wickets,Glasgow,2022-07-17,ODI # 4432,Team 1
359,England,India,India,5 wickets,Manchester,2022-07-17,ODI # 4433,Team 2
360,England,South Africa,South Africa,62 runs,Chester-le-Street,2022-07-19,ODI # 4434,Team 2
361,England,South Africa,England,118 runs,Manchester,2022-07-22,ODI # 4435,Team 1
362,West Indies,India,India,3 runs,Port of Spain,2022-07-22,ODI # 4436,Team 2
363,England,South Africa,no result,-,Leeds,2022-07-24,ODI # 4437,No Result
364,West Indies,India,India,2 wickets,Port of Spain,2022-07-24,ODI # 4438,Team 2
365,West Indies,India,India,119 runs,Port of Spain,2022-07-27,ODI # 4439,Team 2
366,Scotland,New Zealand,New Zealand,7 wickets,Edinburgh,2022-07-31,ODI # 4440,Team 2
367,Zimbabwe,Bangladesh,Zimbabwe,5 wickets,Harare,2022-08-05,ODI # 4441,Team 1
368,Zimbabwe,Bangladesh,Zimbabwe,5 wickets,Harare,2022-08-07,ODI # 4442,Team 1
369,Zimbabwe,Bangladesh,Bangladesh,105 runs,Harare,2022-08-10,ODI # 4443,Team 2
370,Scotland,U.A.E.,Scotland,64 runs,Aberdeen,2022-08-10,ODI # 4444,Team 1
371,U.A.E.,U.S.A.,U.S.A.,1 wicket,Aberdeen,2022-08-11,ODI # 4445,Team 2
372,Scotland,U.S.A.,Scotland,5 wickets,Aberdeen,2022-08-13,ODI # 4446,Team 1
373,Scotland,U.A.E.,Scotland,86 runs,Aberdeen,2022-08-14,ODI # 4447,Team 1
374,Netherlands,Pakistan,Pakistan,16 runs,Rotterdam,2022-08-16,ODI # 4448,Team 2
375,Scotland,U.S.A.,U.S.A.,2 wickets,Aberdeen,2022-08-17,ODI # 4449,Team 2
376,West Indies,New Zealand,West Indies,5 wickets,Bridgetown,2022-08-17,ODI # 4450,Team 1
377,Zimbabwe,India,India,10 wickets,Harare,2022-08-18,ODI # 4451,Team 2
378,Netherlands,Pakistan,Pakistan,7 wickets,Rotterdam,2022-08-18,ODI # 4452,Team 2
379,West Indies,New Zealand,New Zealand,50 runs,Bridgetown,2022-08-19,ODI # 4453,Team 2
380,Zimbabwe,India,India,5 wickets,Harare,2022-08-20,ODI # 4454,Team 2
381,Netherlands,Pakistan,Pakistan,9 runs,Rotterdam,2022-08-21,ODI # 4455,Team 2
382,West Indies,New Zealand,New Zealand,5 wickets,Bridgetown,2022-08-21,ODI # 4456,Team 2
383,Zimbabwe,India,India,13 runs,Harare,2022-08-22,ODI # 4457,Team 2
384,Australia,Zimbabwe,Australia,5 wickets,Townsville,2022-08-28,ODI # 4458,Team 1
385,Australia,Zimbabwe,Australia,8 wickets,Townsville,2022-08-31,ODI # 4459,Team 1
386,Australia,Zimbabwe,Zimbabwe,3 wickets,Townsville,2022-09-03,ODI # 4460,Team 2
387,Australia,New Zealand,Australia,2 wickets,Cairns,2022-09-06,ODI # 4461,Team 1
388,Australia,New Zealand,Australia,113 runs,Cairns,2022-09-08,ODI # 4462,Team 1
389,P.N.G.,U.S.A.,tied,-,Port Moresby,2022-09-11,ODI # 4463,No Result
390,Australia,New Zealand,Australia,25 runs,Cairns,2022-09-11,ODI # 4464,Team 1
391,P.N.G.,U.S.A.,P.N.G.,26 runs,Port Moresby,2022-09-13,ODI # 4465,Team 1
392,Namibia,U.S.A.,Namibia,79 runs,Port Moresby,2022-09-15,ODI # 4466,Team 1
393,Namibia,U.S.A.,Namibia,68 runs,Port Moresby,2022-09-17,ODI # 4467,Team 1
394,P.N.G.,Namibia,Namibia,167 runs,Port Moresby,2022-09-20,ODI # 4468,Team 2
395,P.N.G.,Namibia,Namibia,61 runs,Port Moresby,2022-09-21,ODI # 4469,Team 2
396,India,South Africa,South Africa,9 runs,Lucknow,2022-10-06,ODI # 4470,Team 2
397,India,South Africa,India,7 wickets,Ranchi,2022-10-09,ODI # 4471,Team 1
398,India,South Africa,India,7 wickets,Delhi,2022-10-11,ODI # 4472,Team 1
399,Nepal,U.A.E.,U.A.E.,84 runs,Kirtipur,2022-11-14,ODI # 4473,Team 2
400,Nepal,U.A.E.,Nepal,3 wickets,Kirtipur,2022-11-16,ODI # 4474,Team 1
401,Australia,England,Australia,6 wickets,Adelaide,2022-11-17,ODI # 4475,Team 1
402,Nepal,U.A.E.,Nepal,6 wickets,Kirtipur,2022-11-18,ODI # 4476,Team 1
403,Australia,England,Australia,72 runs,Sydney,2022-11-19,ODI # 4477,Team 1
404,Namibia,P.N.G.,Namibia,8 wickets,Windhoek,2022-11-19,ODI # 4478,Team 1
405,Namibia,U.S.A.,U.S.A.,71 runs,Windhoek,2022-11-20,ODI # 4479,Team 2
406,Australia,England,Australia,221 runs,Melbourne,2022-11-22,ODI # 4480,Team 1
407,P.N.G.,U.S.A.,U.S.A.,6 wickets,Windhoek,2022-11-22,ODI # 4481,Team 2
408,Namibia,P.N.G.,Namibia,3 wickets,Windhoek,2022-11-23,ODI # 4482,Team 1
409,New Zealand,India,New Zealand,7 wickets,Auckland,2022-11-25,ODI # 4483,Team 1
410,P.N.G.,U.S.A.,U.S.A.,35 runs,Windhoek,2022-11-25,ODI # 4484,Team 2
411,Sri Lanka,Afghanistan,Afghanistan,60 runs,Pallekele,2022-11-25,ODI # 4485,Team 2
412,Namibia,U.S.A.,Namibia,6 wickets,Windhoek,2022-11-26,ODI # 4486,Team 1
413,New Zealand,India,no result,-,Hamilton,2022-11-27,ODI # 4487,No Result
414,Sri Lanka,Afghanistan,no result,-,Pallekele,2022-11-27,ODI # 4488,No Result
415,New Zealand,India,no result,-,Christchurch,2022-11-30,ODI # 4489,No Result
416,Sri Lanka,Afghanistan,Sri Lanka,4 wickets,Pallekele,2022-11-30,ODI # 4490,Team 1
417,Namibia,Scotland,Scotland,4 wickets,Windhoek,2022-12-01,ODI # 4491,Team 2
418,Namibia,Nepal,no result,-,Windhoek,2022-12-02,ODI # 4492,No Result
419,Bangladesh,India,Bangladesh,1 wicket,Mirpur,2022-12-04,ODI # 4493,Team 1
420,Nepal,Scotland,Scotland,3 wickets,Windhoek,2022-12-04,ODI # 4494,Team 2
421,Namibia,Scotland,Namibia,3 wickets,Windhoek,2022-12-05,ODI # 4495,Team 1
422,Bangladesh,India,Bangladesh,5 runs,Mirpur,2022-12-07,ODI # 4496,Team 1
423,Namibia,Nepal,Namibia,86 runs,Windhoek,2022-12-07,ODI # 4497,Team 1
424,Nepal,Scotland,Scotland,8 wickets,Windhoek,2022-12-08,ODI # 4498,Team 2
425,Bangladesh,India,India,227 runs,Chattogram,2022-12-10,ODI # 4499,Team 2
426,Pakistan,New Zealand,Pakistan,6 wickets,Karachi,2023-01-09,ODI # 4500,Team 1
427,India,Sri Lanka,India,67 runs,Guwahati,2023-01-10,ODI # 4501,Team 1
428,Pakistan,New Zealand,New Zealand,79 runs,Karachi,2023-01-11,ODI # 4502,Team 2
429,India,Sri Lanka,India,4 wickets,Eden Gardens,2023-01-12,ODI # 4503,Team 1
430,Pakistan,New Zealand,New Zealand,2 wickets,Karachi,2023-01-13,ODI # 4504,Team 2
431,India,Sri Lanka,India,317 runs,Thiruvananthapuram,2023-01-15,ODI # 4505,Team 1
432,Zimbabwe,Ireland,Zimbabwe,3 wickets,Harare,2023-01-18,ODI # 4506,Team 1
433,India,New Zealand,India,12 runs,Hyderabad,2023-01-18,ODI # 4507,Team 1
434,Zimbabwe,Ireland,Ireland,46 runs,Harare,2023-01-21,ODI # 4508,Team 2
435,India,New Zealand,India,8 wickets,Raipur,2023-01-21,ODI # 4509,Team 1
436,Zimbabwe,Ireland,no result,-,Harare,2023-01-23,ODI # 4510,No Result
437,India,New Zealand,India,90 runs,Indore,2023-01-24,ODI # 4511,Team 1
438,South Africa,England,South Africa,27 runs,Bloemfontein,2023-01-27,ODI # 4512,Team 1
439,South Africa,England,South Africa,5 wickets,Bloemfontein,2023-01-29,ODI # 4513,Team 1
440,South Africa,England,England,59 runs,Kimberley,2023-02-01,ODI # 4514,Team 2
441,Nepal,Namibia,Nepal,2 wickets,Kirtipur,2023-02-14,ODI # 4515,Team 1
442,Namibia,Scotland,Scotland,10 wickets,Kirtipur,2023-02-15,ODI # 4516,Team 2
443,Nepal,Scotland,Nepal,3 wickets,Kirtipur,2023-02-17,ODI # 4517,Team 1
444,Nepal,Namibia,Nepal,3 wickets,Kirtipur,2023-02-18,ODI # 4518,Team 1
445,Namibia,Scotland,Scotland,43 runs,Kirtipur,2023-02-20,ODI # 4519,Team 2
446,Nepal,Scotland,Nepal,2 wickets,Kirtipur,2023-02-21,ODI # 4520,Team 1
447,U.A.E.,Namibia,U.A.E.,1 wicket,Dubai (DSC),2023-02-23,ODI # 4521,Team 1
448,U.A.E.,Namibia,Namibia,7 wickets,Dubai (DSC),2023-02-25,ODI # 4522,Team 2
449,Nepal,P.N.G.,Nepal,4 wickets,Dubai (DSC),2023-02-27,ODI # 4523,Team 1
450,U.A.E.,P.N.G.,P.N.G.,131 runs,Dubai (DSC),2023-02-28,ODI # 4524,Team 2
451,Bangladesh,England,England,3 wickets,Mirpur,2023-03-01,ODI # 4525,Team 2
452,U.A.E.,Nepal,U.A.E.,68 runs,Dubai (DSC),2023-03-02,ODI # 4526,Team 1
453,Nepal,P.N.G.,Nepal,3 wickets,Dubai (DSC),2023-03-03,ODI # 4527,Team 1
454,Bangladesh,England,England,132 runs,Mirpur,2023-03-03,ODI # 4528,Team 2
455,U.A.E.,P.N.G.,P.N.G.,5 wickets,Dubai (DSC),2023-03-05,ODI # 4529,Team 2
456,U.A.E.,Nepal,Nepal,42 runs,Dubai (DSC),2023-03-06,ODI # 4530,Team 2
457,Bangladesh,England,Bangladesh,50 runs,Chattogram,2023-03-06,ODI # 4531,Team 1
458,Nepal,P.N.G.,Nepal,52 runs,Kirtipur,2023-03-09,ODI # 4532,Team 1
459,P.N.G.,U.A.E.,P.N.G.,56 runs,Kirtipur,2023-03-10,ODI # 4533,Team 1
460,Nepal,U.A.E.,Nepal,177 runs,Kirtipur,2023-03-12,ODI # 4534,Team 1
461,Nepal,P.N.G.,Nepal,9 wickets,Kirtipur,2023-03-13,ODI # 4535,Team 1
462,P.N.G.,U.A.E.,U.A.E.,6 wickets,Kirtipur,2023-03-15,ODI # 4536,Team 2
463,Nepal,U.A.E.,Nepal,9 runs,Kirtipur,2023-03-16,ODI # 4537,Team 1
464,India,Australia,India,5 wickets,Wankhede,2023-03-17,ODI # 4538,Team 1
465,Bangladesh,Ireland,Bangladesh,183 runs,Sylhet,2023-03-18,ODI # 4539,Team 1
466,South Africa,West Indies,West Indies,48 runs,East London,2023-03-18,ODI # 4540,Team 2
467,India,Australia,Australia,10 wickets,Visakhapatnam,2023-03-19,ODI # 4541,Team 2
468,Bangladesh,Ireland,no result,-,Sylhet,2023-03-20,ODI # 4542,No Result
469,Zimbabwe,Netherlands,Netherlands,3 wickets,Harare,2023-03-21,ODI # 4543,Team 2
470,South Africa,West Indies,South Africa,4 wickets,Potchefstroom,2023-03-21,ODI # 4544,Team 1
471,India,Australia,Australia,21 runs,Chennai,2023-03-22,ODI # 4545,Team 2
472,Zimbabwe,Netherlands,Zimbabwe,1 run,Harare,2023-03-23,ODI # 4546,Team 1
473,Bangladesh,Ireland,Bangladesh,10 wickets,Sylhet,2023-03-23,ODI # 4547,Team 1
474,New Zealand,Sri Lanka,New Zealand,198 runs,Auckland,2023-03-25,ODI # 4548,Team 1
475,Zimbabwe,Netherlands,Zimbabwe,7 wickets,Harare,2023-03-25,ODI # 4549,Team 1
476,Namibia,U.S.A.,U.S.A.,80 runs,Windhoek,2023-03-26,ODI # 4550,Team 2
477,P.N.G.,U.A.E.,U.A.E.,21 runs,Windhoek,2023-03-27,ODI # 4551,Team 2
478,Canada,Jersey,Canada,31 runs,Windhoek,2023-03-27,ODI # 4552,Team 1
479,Canada,U.S.A.,Canada,26 runs,Windhoek,2023-03-29,ODI # 4553,Team 1
480,Namibia,P.N.G.,Namibia,48 runs,Windhoek,2023-03-29,ODI # 4554,Team 1
481,Namibia,Jersey,Namibia,8 wickets,Windhoek,2023-03-30,ODI # 4555,Team 1
482,U.A.E.,U.S.A.,U.S.A.,5 wickets,Windhoek,2023-03-30,ODI # 4556,Team 2
483,New Zealand,Sri Lanka,New Zealand,6 wickets,Hamilton,2023-03-31,ODI # 4557,Team 1
484,South Africa,Netherlands,South Africa,8 wickets,Benoni,2023-03-31,ODI # 4558,Team 1
485,Canada,U.A.E.,U.A.E.,6 wickets,Windhoek,2023-04-01,ODI # 4559,Team 2
486,Jersey,P.N.G.,Jersey,11 runs,Windhoek,2023-04-01,ODI # 4560,Team 1
487,P.N.G.,U.S.A.,U.S.A.,117 runs,Windhoek,2023-04-02,ODI # 4561,Team 2
488,Namibia,U.A.E.,U.A.E.,28 runs,Windhoek,2023-04-02,ODI # 4562,Team 2
489,South Africa,Netherlands,South Africa,146 runs,Johannesburg,2023-04-02,ODI # 4563,Team 1
490,Namibia,Canada,Namibia,111 runs,Windhoek,2023-04-04,ODI # 4564,Team 1
491,Jersey,U.S.A.,U.S.A.,25 runs,Windhoek,2023-04-04,ODI # 4565,Team 2
492,Jersey,U.A.E.,U.A.E.,66 runs,Windhoek,2023-04-05,ODI # 4566,Team 2
493,Canada,P.N.G.,Canada,90 runs,Windhoek,2023-04-05,ODI # 4567,Team 1
494,Nepal,Oman,Nepal,84 runs,Kirtipur,2023-04-21,ODI # 4568,Team 1
495,Pakistan,New Zealand,Pakistan,5 wickets,Rawalpindi,2023-04-27,ODI # 4569,Team 1
496,Oman,U.A.E.,U.A.E.,2 runs,Mulpani,2023-04-29,ODI # 4570,Team 2
497,Pakistan,New Zealand,Pakistan,7 wickets,Rawalpindi,2023-04-29,ODI # 4571,Team 1
498,Nepal,U.A.E.,Nepal,7 wickets,Kirtipur,2023-05-01,ODI # 4572,Team 1
499,Pakistan,New Zealand,Pakistan,26 runs,Karachi,2023-05-03,ODI # 4573,Team 1
500,Pakistan,New Zealand,Pakistan,102 runs,Karachi,2023-05-05,ODI # 4574,Team 1
501,Pakistan,New Zealand,New Zealand,47 runs,Karachi,2023-05-07,ODI # 4575,Team 2
502,Bangladesh,Ireland,no result,-,Chelmsford,2023-05-09,ODI # 4576,No Result
503,Bangladesh,Ireland,Bangladesh,3 wickets,Chelmsford,2023-05-12,ODI # 4577,Team 1
504,Bangladesh,Ireland,Bangladesh,5 runs,Chelmsford,2023-05-14,ODI # 4578,Team 1
505,Sri Lanka,Afghanistan,Afghanistan,6 wickets,Hambantota,2023-06-02,ODI # 4579,Team 2
506,Sri Lanka,Afghanistan,Sri Lanka,132 runs,Hambantota,2023-06-04,ODI # 4580,Team 1
507,U.A.E.,West Indies,West Indies,7 wickets,Sharjah,2023-06-04,ODI # 4581,Team 2
508,U.A.E.,West Indies,West Indies,78 runs,Sharjah,2023-06-06,ODI # 4582,Team 2
509,Sri Lanka,Afghanistan,Sri Lanka,9 wickets,Hambantota,2023-06-07,ODI # 4583,Team 1
510,U.A.E.,West Indies,West Indies,4 wickets,Sharjah,2023-06-09,ODI # 4584,Team 2
511,Zimbabwe,Nepal,Zimbabwe,8 wickets,Harare,2023-06-18,ODI # 4585,Team 1
512,U.S.A.,West Indies,West Indies,39 runs,Harare,2023-06-18,ODI # 4586,Team 2
513,Sri Lanka,U.A.E.,Sri Lanka,175 runs,Bulawayo,2023-06-19,ODI # 4587,Team 1
514,Ireland,Oman,Oman,5 wickets,Bulawayo,2023-06-19,ODI # 4588,Team 2
515,Zimbabwe,Netherlands,Zimbabwe,6 wickets,Harare,2023-06-20,ODI # 4589,Team 1
516,Nepal,U.S.A.,Nepal,6 wickets,Harare,2023-06-20,ODI # 4590,Team 1
517,Ireland,Scotland,Scotland,1 wicket,Bulawayo,2023-06-21,ODI # 4591,Team 2
518,Oman,U.A.E.,Oman,5 wickets,Bulawayo,2023-06-21,ODI # 4592,Team 1
519,Nepal,West Indies,West Indies,101 runs,Harare,2023-06-22,ODI # 4593,Team 2
520,Netherlands,U.S.A.,Netherlands,5 wickets,Harare,2023-06-22,ODI # 4594,Team 1
521,Oman,Sri Lanka,Sri Lanka,10 wickets,Bulawayo,2023-06-23,ODI # 4595,Team 2
522,Scotland,U.A.E.,Scotland,111 runs,Bulawayo,2023-06-23,ODI # 4596,Team 1
523,Zimbabwe,West Indies,Zimbabwe,35 runs,Harare,2023-06-24,ODI # 4597,Team 1
524,Nepal,Netherlands,Netherlands,7 wickets,Harare,2023-06-24,ODI # 4598,Team 2
525,Ireland,Sri Lanka,Sri Lanka,133 runs,Bulawayo,2023-06-25,ODI # 4599,Team 2
526,Oman,Scotland,Scotland,76 runs,Bulawayo,2023-06-25,ODI # 4600,Team 2
527,Zimbabwe,U.S.A.,Zimbabwe,304 runs,Harare,2023-06-26,ODI # 4601,Team 1
528,Netherlands,West Indies,tied,-,Harare,2023-06-26,ODI # 4602,No Result
529,Scotland,Sri Lanka,Sri Lanka,82 runs,Bulawayo,2023-06-27,ODI # 4603,Team 2
530,Ireland,U.A.E.,Ireland,138 runs,Bulawayo,2023-06-27,ODI # 4604,Team 1
531,Zimbabwe,Oman,Zimbabwe,14 runs,Bulawayo,2023-06-29,ODI # 4605,Team 1
532,Netherlands,Sri Lanka,Sri Lanka,21 runs,Bulawayo,2023-06-30,ODI # 4606,Team 2
533,Ireland,U.S.A.,Ireland,6 wickets,Harare,2023-06-30,ODI # 4607,Team 1
534,Scotland,West Indies,Scotland,7 wickets,Harare,2023-07-01,ODI # 4608,Team 1
535,Zimbabwe,Sri Lanka,Sri Lanka,9 wickets,Bulawayo,2023-07-02,ODI # 4609,Team 2
536,Nepal,U.A.E.,Nepal,3 wickets,Harare,2023-07-02,ODI # 4610,Team 1
537,Netherlands,Oman,Netherlands,74 runs,Harare,2023-07-03,ODI # 4611,Team 1
538,Zimbabwe,Scotland,Scotland,31 runs,Bulawayo,2023-07-04,ODI # 4612,Team 2
539,Ireland,Nepal,Ireland,2 wickets,Harare,2023-07-04,ODI # 4613,Team 1
540,Oman,West Indies,West Indies,7 wickets,Harare,2023-07-05,ODI # 4614,Team 2
541,Bangladesh,Afghanistan,Afghanistan,17 runs,Chattogram,2023-07-05,ODI # 4615,Team 2
542,Netherlands,Scotland,Netherlands,4 wickets,Bulawayo,2023-07-06,ODI # 4616,Team 1
543,U.A.E.,U.S.A.,U.A.E.,1 run,Harare,2023-07-06,ODI # 4617,Team 1
544,Sri Lanka,West Indies,Sri Lanka,8 wickets,Harare,2023-07-07,ODI # 4618,Team 1
545,Bangladesh,Afghanistan,Afghanistan,142 runs,Chattogram,2023-07-08,ODI # 4619,Team 2
546,Netherlands,Sri Lanka,Sri Lanka,128 runs,Harare,2023-07-09,ODI # 4620,Team 2
547,Bangladesh,Afghanistan,Bangladesh,7 wickets,Chattogram,2023-07-11,ODI # 4621,Team 1
548,West Indies,India,India,5 wickets,Bridgetown,2023-07-27,ODI # 4622,Team 2
549,West Indies,India,West Indies,6 wickets,Bridgetown,2023-07-29,ODI # 4623,Team 1
550,West Indies,India,India,200 runs,Tarouba,2023-08-01,ODI # 4624,Team 2
551,New Zealand,Pakistan,New Zealand,61 runs,Wellington,2018-01-06,ODI # 3946,Team 1
552,New Zealand,Pakistan,New Zealand,8 wickets,Nelson,2018-01-09,ODI # 3947,Team 1
553,U.A.E.,Ireland,Ireland,4 wickets,ICCA Dubai,2018-01-11,ODI # 3948,Team 2
554,New Zealand,Pakistan,New Zealand,183 runs,Dunedin,2018-01-13,ODI # 3949,Team 1
555,U.A.E.,Ireland,Ireland,67 runs,ICCA Dubai,2018-01-13,ODI # 3950,Team 2
556,Australia,England,England,5 wickets,Melbourne,2018-01-14,ODI # 3951,Team 2
557,Bangladesh,Zimbabwe,Bangladesh,8 wickets,Mirpur,2018-01-15,ODI # 3952,Team 1
558,New Zealand,Pakistan,New Zealand,5 wickets,Hamilton,2018-01-16,ODI # 3953,Team 1
559,Ireland,Scotland,Ireland,6 wickets,ICCA Dubai,2018-01-16,ODI # 3954,Team 1
560,Sri Lanka,Zimbabwe,Zimbabwe,12 runs,Mirpur,2018-01-17,ODI # 3955,Team 2
561,Ireland,Scotland,Ireland,24 runs,ICCA Dubai,2018-01-18,ODI # 3956,Team 1
562,New Zealand,Pakistan,New Zealand,15 runs,Wellington,2018-01-19,ODI # 3957,Team 1
563,Australia,England,England,4 wickets,Brisbane,2018-01-19,ODI # 3958,Team 2
564,Bangladesh,Sri Lanka,Bangladesh,163 runs,Mirpur,2018-01-19,ODI # 3959,Team 1
565,Australia,England,England,16 runs,Sydney,2018-01-21,ODI # 3960,Team 2
566,U.A.E.,Scotland,Scotland,31 runs,ICCA Dubai,2018-01-21,ODI # 3961,Team 2
567,Sri Lanka,Zimbabwe,Sri Lanka,5 wickets,Mirpur,2018-01-21,ODI # 3962,Team 1
568,U.A.E.,Scotland,U.A.E.,4 wickets,ICCA Dubai,2018-01-23,ODI # 3963,Team 1
569,Bangladesh,Zimbabwe,Bangladesh,91 runs,Mirpur,2018-01-23,ODI # 3964,Team 1
570,Bangladesh,Sri Lanka,Sri Lanka,10 wickets,Mirpur,2018-01-25,ODI # 3965,Team 2
571,Australia,England,Australia,3 wickets,Adelaide,2018-01-26,ODI # 3966,Team 1
572,Bangladesh,Sri Lanka,Sri Lanka,79 runs,Mirpur,2018-01-27,ODI # 3967,Team 2
573,Australia,England,England,12 runs,Perth,2018-01-28,ODI # 3968,Team 2
574,South Africa,India,India,6 wickets,Durban,2018-02-01,ODI # 3969,Team 2
575,South Africa,India,India,9 wickets,Centurion,2018-02-04,ODI # 3970,Team 2
576,South Africa,India,India,124 runs,Cape Town,2018-02-07,ODI # 3971,Team 2
577,Afghanistan,Zimbabwe,Afghanistan,154 runs,Sharjah,2018-02-09,ODI # 3972,Team 1
578,South Africa,India,South Africa,5 wickets,Johannesburg,2018-02-10,ODI # 3973,Team 1
579,Afghanistan,Zimbabwe,Zimbabwe,154 runs,Sharjah,2018-02-11,ODI # 3974,Team 2
580,Afghanistan,Zimbabwe,Afghanistan,6 wickets,Sharjah,2018-02-13,ODI # 3975,Team 1
581,South Africa,India,India,73 runs,Gqeberha,2018-02-13,ODI # 3976,Team 2
582,Afghanistan,Zimbabwe,Afghanistan,10 wickets,Sharjah,2018-02-16,ODI # 3977,Team 1
583,South Africa,India,India,8 wickets,Centurion,2018-02-16,ODI # 3978,Team 2
584,Afghanistan,Zimbabwe,Afghanistan,146 runs,Sharjah,2018-02-19,ODI # 3979,Team 1
585,New Zealand,England,New Zealand,3 wickets,Hamilton,2018-02-25,ODI # 3980,Team 1
586,New Zealand,England,England,6 wickets,Mount Maunganui,2018-02-28,ODI # 3981,Team 2
587,New Zealand,England,England,4 runs,Wellington,2018-03-03,ODI # 3982,Team 2
588,Afghanistan,Scotland,Scotland,7 wickets,Bulawayo,2018-03-04,ODI # 3983,Team 2
589,P.N.G.,U.A.E.,U.A.E.,56 runs,Harare,2018-03-04,ODI # 3984,Team 2
590,Hong Kong,Scotland,Scotland,4 wickets,Bulawayo,2018-03-06,ODI # 3985,Team 2
591,Ireland,P.N.G.,Ireland,4 wickets,Harare,2018-03-06,ODI # 3986,Team 1
592,U.A.E.,West Indies,West Indies,60 runs,Harare,2018-03-06,ODI # 3987,Team 2
593,Zimbabwe,Afghanistan,Zimbabwe,2 runs,Bulawayo,2018-03-06,ODI # 3988,Team 1
594,New Zealand,England,New Zealand,5 wickets,Dunedin,2018-03-07,ODI # 3989,Team 1
595,Afghanistan,Hong Kong,Hong Kong,30 runs,Bulawayo,2018-03-08,ODI # 3990,Team 2
596,P.N.G.,West Indies,West Indies,6 wickets,Harare,2018-03-08,ODI # 3991,Team 2
597,New Zealand,England,England,7 wickets,Christchurch,2018-03-10,ODI # 3992,Team 2
598,Ireland,West Indies,West Indies,52 runs,Harare,2018-03-10,ODI # 3993,Team 2
599,Zimbabwe,Hong Kong,Zimbabwe,89 runs,Bulawayo,2018-03-10,ODI # 3994,Team 1
600,Ireland,U.A.E.,Ireland,226 runs,Harare,2018-03-12,ODI # 3995,Team 1
601,Zimbabwe,Scotland,tied,-,Bulawayo,2018-03-12,ODI # 3996,No Result
602,Afghanistan,West Indies,Afghanistan,3 wickets,Harare,2018-03-15,ODI # 3997,Team 1
603,Scotland,U.A.E.,Scotland,73 runs,Bulawayo,2018-03-15,ODI # 3998,Team 1
604,Zimbabwe,Ireland,Zimbabwe,107 runs,Harare,2018-03-16,ODI # 3999,Team 1
605,Hong Kong,P.N.G.,P.N.G.,58 runs,Harare,2018-03-17,ODI # 4000,Team 2
606,Ireland,Scotland,Ireland,25 runs,Harare,2018-03-18,ODI # 4001,Team 1
607,Zimbabwe,West Indies,West Indies,4 wickets,Harare,2018-03-19,ODI # 4002,Team 2
608,Afghanistan,U.A.E.,Afghanistan,5 wickets,Harare,2018-03-20,ODI # 4003,Team 1
609,Scotland,West Indies,West Indies,5 runs,Harare,2018-03-21,ODI # 4004,Team 2
610,Zimbabwe,U.A.E.,U.A.E.,3 runs,Harare,2018-03-22,ODI # 4005,Team 2
611,Afghanistan,Ireland,Afghanistan,5 wickets,Harare,2018-03-23,ODI # 4006,Team 1
612,Afghanistan,West Indies,Afghanistan,7 wickets,Harare,2018-03-25,ODI # 4007,Team 1
613,Scotland,England,Scotland,6 runs,Edinburgh,2018-06-10,ODI # 4008,Team 1
614,England,Australia,England,3 wickets,The Oval,2018-06-13,ODI # 4009,Team 1
615,England,Australia,England,38 runs,Cardiff,2018-06-16,ODI # 4010,Team 1
616,England,Australia,England,242 runs,Nottingham,2018-06-19,ODI # 4011,Team 1
617,England,Australia,England,6 wickets,Chester-le-Street,2018-06-21,ODI # 4012,Team 1
618,England,Australia,England,1 wicket,Manchester,2018-06-24,ODI # 4013,Team 1
619,England,India,India,8 wickets,Nottingham,2018-07-12,ODI # 4014,Team 2
620,Zimbabwe,Pakistan,Pakistan,201 runs,Bulawayo,2018-07-13,ODI # 4015,Team 2
621,England,India,England,86 runs,Lord's,2018-07-14,ODI # 4016,Team 1
622,Zimbabwe,Pakistan,Pakistan,9 wickets,Bulawayo,2018-07-16,ODI # 4017,Team 2
623,England,India,England,8 wickets,Leeds,2018-07-17,ODI # 4018,Team 1
624,Zimbabwe,Pakistan,Pakistan,9 wickets,Bulawayo,2018-07-18,ODI # 4019,Team 2
625,Zimbabwe,Pakistan,Pakistan,244 runs,Bulawayo,2018-07-20,ODI # 4020,Team 2
626,Zimbabwe,Pakistan,Pakistan,131 runs,Bulawayo,2018-07-22,ODI # 4021,Team 2
627,West Indies,Bangladesh,Bangladesh,48 runs,Providence,2018-07-22,ODI # 4022,Team 2
628,West Indies,Bangladesh,West Indies,3 runs,Providence,2018-07-25,ODI # 4023,Team 1
629,West Indies,Bangladesh,Bangladesh,18 runs,Basseterre,2018-07-28,ODI # 4024,Team 2
630,Sri Lanka,South Africa,South Africa,5 wickets,Dambulla,2018-07-29,ODI # 4025,Team 2
631,Netherlands,Nepal,Netherlands,55 runs,Amstelveen,2018-08-01,ODI # 4026,Team 1
632,Sri Lanka,South Africa,South Africa,4 wickets,Dambulla,2018-08-01,ODI # 4027,Team 2
633,Netherlands,Nepal,Nepal,1 run,Amstelveen,2018-08-03,ODI # 4028,Team 2
634,Sri Lanka,South Africa,South Africa,78 runs,Pallekele,2018-08-05,ODI # 4029,Team 2
635,Sri Lanka,South Africa,Sri Lanka,3 runs,Pallekele,2018-08-08,ODI # 4030,Team 1
636,Sri Lanka,South Africa,Sri Lanka,178 runs,Colombo (RPS),2018-08-12,ODI # 4031,Team 1
637,Ireland,Afghanistan,Afghanistan,29 runs,Belfast,2018-08-27,ODI # 4032,Team 2
638,Ireland,Afghanistan,Ireland,3 wickets,Belfast,2018-08-29,ODI # 4033,Team 1
639,Nepal,U.A.E.,U.A.E.,78 runs,Kuala Lumpur,2018-08-30,ODI # 4034,Team 2
640,Ireland,Afghanistan,Afghanistan,8 wickets,Belfast,2018-08-31,ODI # 4035,Team 2
641,Bangladesh,Sri Lanka,Bangladesh,137 runs,Dubai (DSC),2018-09-15,ODI # 4036,Team 1
642,Hong Kong,Pakistan,Pakistan,8 wickets,Dubai (DSC),2018-09-16,ODI # 4037,Team 2
643,Afghanistan,Sri Lanka,Afghanistan,91 runs,Abu Dhabi,2018-09-17,ODI # 4038,Team 1
644,Hong Kong,India,India,26 runs,Dubai (DSC),2018-09-18,ODI # 4039,Team 2
645,India,Pakistan,India,8 wickets,Dubai (DSC),2018-09-19,ODI # 4040,Team 1
646,Afghanistan,Bangladesh,Afghanistan,136 runs,Abu Dhabi,2018-09-20,ODI # 4041,Team 1
647,Bangladesh,India,India,7 wickets,Dubai (DSC),2018-09-21,ODI # 4042,Team 2
648,Afghanistan,Pakistan,Pakistan,3 wickets,Abu Dhabi,2018-09-21,ODI # 4043,Team 2
649,India,Pakistan,India,9 wickets,Dubai (DSC),2018-09-23,ODI # 4044,Team 1
650,Afghanistan,Bangladesh,Bangladesh,3 runs,Abu Dhabi,2018-09-23,ODI # 4045,Team 2
651,Afghanistan,India,tied,-,Dubai (DSC),2018-09-25,ODI # 4046,No Result
652,Bangladesh,Pakistan,Bangladesh,37 runs,Abu Dhabi,2018-09-26,ODI # 4047,Team 1
653,Bangladesh,India,India,3 wickets,Dubai (DSC),2018-09-28,ODI # 4048,Team 2
654,South Africa,Zimbabwe,South Africa,5 wickets,Kimberley,2018-09-30,ODI # 4049,Team 1
655,South Africa,Zimbabwe,South Africa,120 runs,Bloemfontein,2018-10-03,ODI # 4050,Team 1
656,South Africa,Zimbabwe,South Africa,4 wickets,Paarl,2018-10-06,ODI # 4051,Team 1
657,Sri Lanka,England,no result,-,Dambulla,2018-10-10,ODI # 4052,No Result
658,Sri Lanka,England,England,31 runs,Dambulla,2018-10-13,ODI # 4053,Team 2
659,Sri Lanka,England,England,7 wickets,Pallekele,2018-10-17,ODI # 4054,Team 2
660,Sri Lanka,England,England,18 runs,Pallekele,2018-10-20,ODI # 4055,Team 2
661,India,West Indies,India,8 wickets,Guwahati,2018-10-21,ODI # 4056,Team 1
662,Bangladesh,Zimbabwe,Bangladesh,28 runs,Mirpur,2018-10-21,ODI # 4057,Team 1
663,Sri Lanka,England,Sri Lanka,219 runs,Colombo (RPS),2018-10-23,ODI # 4058,Team 1
664,India,West Indies,tied,-,Visakhapatnam,2018-10-24,ODI # 4059,No Result
665,Bangladesh,Zimbabwe,Bangladesh,7 wickets,Chattogram,2018-10-24,ODI # 4060,Team 1
666,Bangladesh,Zimbabwe,Bangladesh,7 wickets,Chattogram,2018-10-26,ODI # 4061,Team 1
667,India,West Indies,West Indies,43 runs,Pune,2018-10-27,ODI # 4062,Team 2
668,India,West Indies,India,224 runs,Brabourne,2018-10-29,ODI # 4063,Team 1
669,India,West Indies,India,9 wickets,Thiruvananthapuram,2018-11-01,ODI # 4064,Team 1
670,Australia,South Africa,South Africa,6 wickets,Perth,2018-11-04,ODI # 4065,Team 2
671,New Zealand,Pakistan,New Zealand,47 runs,Abu Dhabi,2018-11-07,ODI # 4066,Team 1
672,Australia,South Africa,Australia,7 runs,Adelaide,2018-11-09,ODI # 4067,Team 1
673,New Zealand,Pakistan,Pakistan,6 wickets,Abu Dhabi,2018-11-09,ODI # 4068,Team 2
674,Australia,South Africa,South Africa,40 runs,Hobart,2018-11-11,ODI # 4069,Team 2
675,New Zealand,Pakistan,no result,-,Dubai (DSC),2018-11-11,ODI # 4070,No Result
676,Bangladesh,West Indies,Bangladesh,5 wickets,Mirpur,2018-12-09,ODI # 4071,Team 1
677,Bangladesh,West Indies,West Indies,4 wickets,Mirpur,2018-12-11,ODI # 4072,Team 2
678,Bangladesh,West Indies,Bangladesh,8 wickets,Sylhet,2018-12-14,ODI # 4073,Team 1
679,Australia,Pakistan,Australia,92 runs,Brisbane,2017-01-13,ODI # 3817,Team 1
680,Australia,Pakistan,Pakistan,6 wickets,Melbourne,2017-01-15,ODI # 3818,Team 2
681,India,England,India,3 wickets,Pune,2017-01-15,ODI # 3819,Team 1
682,Australia,Pakistan,Australia,7 wickets,Perth,2017-01-19,ODI # 3820,Team 1
683,India,England,India,15 runs,Cuttack,2017-01-19,ODI # 3821,Team 1
684,Australia,Pakistan,Australia,86 runs,Sydney,2017-01-22,ODI # 3822,Team 1
685,Hong Kong,Scotland,Hong Kong,7 wickets,Abu Dhabi,2017-01-22,ODI # 3823,Team 1
686,India,England,England,5 runs,Eden Gardens,2017-01-22,ODI # 3824,Team 2
687,U.A.E.,Scotland,U.A.E.,4 wickets,Dubai (DSC),2017-01-24,ODI # 3825,Team 1
688,Australia,Pakistan,Australia,57 runs,Adelaide,2017-01-26,ODI # 3826,Team 1
689,U.A.E.,Hong Kong,U.A.E.,6 wickets,Dubai (DSC),2017-01-26,ODI # 3827,Team 1
690,South Africa,Sri Lanka,South Africa,8 wickets,Gqeberha,2017-01-28,ODI # 3828,Team 1
691,New Zealand,Australia,New Zealand,6 runs,Auckland,2017-01-30,ODI # 3829,Team 1
692,South Africa,Sri Lanka,South Africa,121 runs,Durban,2017-02-01,ODI # 3830,Team 1
693,South Africa,Sri Lanka,South Africa,7 wickets,Johannesburg,2017-02-04,ODI # 3831,Team 1
694,New Zealand,Australia,New Zealand,24 runs,Hamilton,2017-02-05,ODI # 3832,Team 1
695,South Africa,Sri Lanka,South Africa,40 runs,Cape Town,2017-02-07,ODI # 3833,Team 1
696,South Africa,Sri Lanka,South Africa,88 runs,Centurion,2017-02-10,ODI # 3834,Team 1
697,Zimbabwe,Afghanistan,Afghanistan,12 runs,Harare,2017-02-16,ODI # 3835,Team 2
698,New Zealand,South Africa,South Africa,4 wickets,Hamilton,2017-02-19,ODI # 3836,Team 2
699,Zimbabwe,Afghanistan,Afghanistan,54 runs,Harare,2017-02-19,ODI # 3837,Team 2
700,Zimbabwe,Afghanistan,Zimbabwe,3 runs,Harare,2017-02-21,ODI # 3838,Team 1
701,New Zealand,South Africa,New Zealand,6 runs,Christchurch,2017-02-22,ODI # 3839,Team 1
702,Zimbabwe,Afghanistan,Zimbabwe,7 wickets,Harare,2017-02-24,ODI # 3840,Team 1
703,New Zealand,South Africa,South Africa,159 runs,Wellington,2017-02-25,ODI # 3841,Team 2
704,Zimbabwe,Afghanistan,Afghanistan,106 runs,Harare,2017-02-26,ODI # 3842,Team 2
705,New Zealand,South Africa,New Zealand,7 wickets,Hamilton,2017-03-01,ODI # 3843,Team 1
706,U.A.E.,Ireland,Ireland,85 runs,ICCA Dubai,2017-03-02,ODI # 3844,Team 2
707,West Indies,England,England,45 runs,North Sound,2017-03-03,ODI # 3845,Team 2
708,New Zealand,South Africa,South Africa,6 wickets,Auckland,2017-03-04,ODI # 3846,Team 2
709,U.A.E.,Ireland,Ireland,8 wickets,ICCA Dubai,2017-03-04,ODI # 3847,Team 2
710,West Indies,England,England,4 wickets,North Sound,2017-03-05,ODI # 3848,Team 2
711,West Indies,England,England,186 runs,Bridgetown,2017-03-09,ODI # 3849,Team 2
712,Afghanistan,Ireland,Afghanistan,30 runs,Greater Noida,2017-03-15,ODI # 3850,Team 1
713,Afghanistan,Ireland,Afghanistan,34 runs,Greater Noida,2017-03-17,ODI # 3851,Team 1
714,Afghanistan,Ireland,Ireland,6 wickets,Greater Noida,2017-03-19,ODI # 3852,Team 2
715,Afghanistan,Ireland,Ireland,3 wickets,Greater Noida,2017-03-22,ODI # 3853,Team 2
716,Afghanistan,Ireland,Afghanistan,7 wickets,Greater Noida,2017-03-24,ODI # 3854,Team 1
717,Sri Lanka,Bangladesh,Bangladesh,90 runs,Dambulla,2017-03-25,ODI # 3855,Team 2
718,Sri Lanka,Bangladesh,no result,-,Dambulla,2017-03-28,ODI # 3856,No Result
719,U.A.E.,P.N.G.,U.A.E.,82 runs,Abu Dhabi,2017-03-31,ODI # 3857,Team 1
720,Sri Lanka,Bangladesh,Sri Lanka,70 runs,Colombo (SSC),2017-04-01,ODI # 3858,Team 1
721,U.A.E.,P.N.G.,P.N.G.,26 runs,Abu Dhabi,2017-04-02,ODI # 3859,Team 2
722,U.A.E.,P.N.G.,U.A.E.,103 runs,Abu Dhabi,2017-04-04,ODI # 3860,Team 1
723,West Indies,Pakistan,West Indies,4 wickets,Providence,2017-04-07,ODI # 3861,Team 1
724,West Indies,Pakistan,Pakistan,74 runs,Providence,2017-04-09,ODI # 3862,Team 2
725,West Indies,Pakistan,Pakistan,6 wickets,Providence,2017-04-11,ODI # 3863,Team 2
726,England,Ireland,England,7 wickets,Bristol,2017-05-05,ODI # 3864,Team 1
727,England,Ireland,England,85 runs,Lord's,2017-05-07,ODI # 3865,Team 1
728,Ireland,Bangladesh,no result,-,Dublin (Malahide),2017-05-12,ODI # 3866,No Result
729,Ireland,New Zealand,New Zealand,51 runs,Dublin (Malahide),2017-05-14,ODI # 3867,Team 2
730,Bangladesh,New Zealand,New Zealand,4 wickets,Dublin,2017-05-17,ODI # 3868,Team 2
731,Ireland,Bangladesh,Bangladesh,8 wickets,Dublin (Malahide),2017-05-19,ODI # 3869,Team 2
732,Ireland,New Zealand,New Zealand,190 runs,Dublin (Malahide),2017-05-21,ODI # 3870,Team 2
733,Bangladesh,New Zealand,Bangladesh,5 wickets,Dublin,2017-05-24,ODI # 3871,Team 1
734,England,South Africa,England,72 runs,Leeds,2017-05-24,ODI # 3872,Team 1
735,England,South Africa,England,2 runs,Southampton,2017-05-27,ODI # 3873,Team 1
736,England,South Africa,South Africa,7 wickets,Lord's,2017-05-29,ODI # 3874,Team 2
737,England,Bangladesh,England,8 wickets,The Oval,2017-06-01,ODI # 3875,Team 1
738,Australia,New Zealand,no result,-,Birmingham,2017-06-02,ODI # 3876,No Result
739,South Africa,Sri Lanka,South Africa,96 runs,The Oval,2017-06-03,ODI # 3877,Team 1
740,India,Pakistan,India,124 runs,Birmingham,2017-06-04,ODI # 3878,Team 1
741,Australia,Bangladesh,no result,-,The Oval,2017-06-05,ODI # 3879,No Result
742,England,New Zealand,England,87 runs,Cardiff,2017-06-06,ODI # 3880,Team 1
743,Pakistan,South Africa,Pakistan,19 runs,Birmingham,2017-06-07,ODI # 3881,Team 1
744,India,Sri Lanka,Sri Lanka,7 wickets,The Oval,2017-06-08,ODI # 3882,Team 2
745,Bangladesh,New Zealand,Bangladesh,5 wickets,Cardiff,2017-06-09,ODI # 3883,Team 1
746,West Indies,Afghanistan,Afghanistan,63 runs,Gros Islet,2017-06-09,ODI # 3884,Team 2
747,England,Australia,England,40 runs,Birmingham,2017-06-10,ODI # 3885,Team 1
748,India,South Africa,India,8 wickets,The Oval,2017-06-11,ODI # 3886,Team 1
749,West Indies,Afghanistan,West Indies,4 wickets,Gros Islet,2017-06-11,ODI # 3887,Team 1
750,Pakistan,Sri Lanka,Pakistan,3 wickets,Cardiff,2017-06-12,ODI # 3888,Team 1
751,England,Pakistan,Pakistan,8 wickets,Cardiff,2017-06-14,ODI # 3889,Team 2
752,West Indies,Afghanistan,no result,-,Gros Islet,2017-06-14,ODI # 3890,No Result
753,Bangladesh,India,India,9 wickets,Birmingham,2017-06-15,ODI # 3891,Team 2
754,Scotland,Zimbabwe,Scotland,26 runs,Edinburgh,2017-06-15,ODI # 3892,Team 1
755,Scotland,Zimbabwe,Zimbabwe,6 wickets,Edinburgh,2017-06-17,ODI # 3893,Team 2
756,India,Pakistan,Pakistan,180 runs,The Oval,2017-06-18,ODI # 3894,Team 2
757,West Indies,India,no result,-,Port of Spain,2017-06-23,ODI # 3895,No Result
758,West Indies,India,India,105 runs,Port of Spain,2017-06-25,ODI # 3896,Team 2
759,Sri Lanka,Zimbabwe,Zimbabwe,6 wickets,Galle,2017-06-30,ODI # 3897,Team 2
760,West Indies,India,India,93 runs,North Sound,2017-06-30,ODI # 3898,Team 2
761,Sri Lanka,Zimbabwe,Sri Lanka,7 wickets,Galle,2017-07-02,ODI # 3899,Team 1
762,West Indies,India,West Indies,11 runs,North Sound,2017-07-02,ODI # 3900,Team 1
763,Sri Lanka,Zimbabwe,Sri Lanka,8 wickets,Hambantota,2017-07-06,ODI # 3901,Team 1
764,West Indies,India,India,8 wickets,Kingston,2017-07-06,ODI # 3902,Team 2
765,Sri Lanka,Zimbabwe,Zimbabwe,4 wickets,Hambantota,2017-07-08,ODI # 3903,Team 2
766,Sri Lanka,Zimbabwe,Zimbabwe,3 wickets,Hambantota,2017-07-10,ODI # 3904,Team 2
767,Sri Lanka,India,India,9 wickets,Dambulla,2017-08-20,ODI # 3905,Team 2
768,Sri Lanka,India,India,3 wickets,Pallekele,2017-08-24,ODI # 3906,Team 2
769,Sri Lanka,India,India,6 wickets,Pallekele,2017-08-27,ODI # 3907,Team 2
770,Sri Lanka,India,India,168 runs,Colombo (RPS),2017-08-31,ODI # 3908,Team 2
771,Sri Lanka,India,India,6 wickets,Colombo (RPS),2017-09-03,ODI # 3909,Team 2
772,India,Australia,India,26 runs,Chennai,2017-09-17,ODI # 3910,Team 1
773,England,West Indies,England,7 wickets,Manchester,2017-09-19,ODI # 3911,Team 1
774,India,Australia,India,50 runs,Eden Gardens,2017-09-21,ODI # 3912,Team 1
775,England,West Indies,no result,-,Nottingham,2017-09-21,ODI # 3913,No Result
776,India,Australia,India,5 wickets,Indore,2017-09-24,ODI # 3914,Team 1
777,England,West Indies,England,124 runs,Bristol,2017-09-24,ODI # 3915,Team 1
778,England,West Indies,England,6 runs,The Oval,2017-09-27,ODI # 3916,Team 1
779,India,Australia,Australia,21 runs,Bengaluru,2017-09-28,ODI # 3917,Team 2
780,England,West Indies,England,9 wickets,Southampton,2017-09-29,ODI # 3918,Team 1
781,India,Australia,India,7 wickets,Nagpur,2017-10-01,ODI # 3919,Team 1
782,P.N.G.,Scotland,Scotland,101 runs,Port Moresby,2017-10-06,ODI # 3920,Team 2
783,P.N.G.,Scotland,P.N.G.,5 wickets,Port Moresby,2017-10-08,ODI # 3921,Team 1
784,Pakistan,Sri Lanka,Pakistan,83 runs,Dubai (DSC),2017-10-13,ODI # 3922,Team 1
785,South Africa,Bangladesh,South Africa,10 wickets,Kimberley,2017-10-15,ODI # 3923,Team 1
786,Pakistan,Sri Lanka,Pakistan,32 runs,Abu Dhabi,2017-10-16,ODI # 3924,Team 1
787,South Africa,Bangladesh,South Africa,104 runs,Paarl,2017-10-18,ODI # 3925,Team 1
788,Pakistan,Sri Lanka,Pakistan,7 wickets,Abu Dhabi,2017-10-18,ODI # 3926,Team 1
789,Pakistan,Sri Lanka,Pakistan,7 wickets,Sharjah,2017-10-20,ODI # 3927,Team 1
790,India,New Zealand,New Zealand,6 wickets,Wankhede,2017-10-22,ODI # 3928,Team 2
791,South Africa,Bangladesh,South Africa,200 runs,East London,2017-10-22,ODI # 3929,Team 1
792,Pakistan,Sri Lanka,Pakistan,9 wickets,Sharjah,2017-10-23,ODI # 3930,Team 1
793,India,New Zealand,India,6 wickets,Pune,2017-10-25,ODI # 3931,Team 1
794,India,New Zealand,India,6 runs,Kanpur,2017-10-29,ODI # 3932,Team 1
795,P.N.G.,Scotland,Scotland,6 wickets,Dubai (DSC),2017-11-24,ODI # 3933,Team 2
796,P.N.G.,Scotland,Scotland,4 wickets,Dubai (DSC),2017-11-25,ODI # 3934,Team 2
797,Afghanistan,Ireland,Afghanistan,138 runs,Sharjah,2017-12-05,ODI # 3935,Team 1
798,Hong Kong,P.N.G.,Hong Kong,23 runs,ICCA Dubai,2017-12-06,ODI # 3936,Team 1
799,Afghanistan,Ireland,Ireland,51 runs,Sharjah,2017-12-07,ODI # 3937,Team 2
800,Hong Kong,P.N.G.,Hong Kong,93 runs,ICCA Dubai,2017-12-08,ODI # 3938,Team 1
801,India,Sri Lanka,Sri Lanka,7 wickets,Dharamsala,2017-12-10,ODI # 3939,Team 2
802,Afghanistan,Ireland,Ireland,5 wickets,Sharjah,2017-12-10,ODI # 3940,Team 2
803,India,Sri Lanka,India,141 runs,Mohali,2017-12-13,ODI # 3941,Team 1
804,India,Sri Lanka,India,8 wickets,Visakhapatnam,2017-12-17,ODI # 3942,Team 1
805,New Zealand,West Indies,New Zealand,5 wickets,Whangarei,2017-12-20,ODI # 3943,Team 1
806,New Zealand,West Indies,New Zealand,204 runs,Christchurch,2017-12-23,ODI # 3944,Team 1
807,New Zealand,West Indies,New Zealand,66 runs,Christchurch,2017-12-26,ODI # 3945,Team 1
808,Afghanistan,Scotland,Afghanistan,8 wickets,ICCA Dubai,2015-01-08,ODI # 3572,Team 1
809,Afghanistan,Ireland,Ireland,3 wickets,Dubai (DSC),2015-01-10,ODI # 3573,Team 2
810,New Zealand,Sri Lanka,New Zealand,3 wickets,Christchurch,2015-01-11,ODI # 3574,Team 1
811,Ireland,Scotland,Ireland,3 wickets,Dubai (DSC),2015-01-12,ODI # 3575,Team 1
812,Afghanistan,Scotland,Scotland,150 runs,Abu Dhabi,2015-01-14,ODI # 3576,Team 2
813,New Zealand,Sri Lanka,Sri Lanka,6 wickets,Hamilton,2015-01-15,ODI # 3577,Team 2
814,Australia,England,Australia,3 wickets,Sydney,2015-01-16,ODI # 3578,Team 1
815,South Africa,West Indies,South Africa,61 runs,Durban,2015-01-16,ODI # 3579,Team 1
816,New Zealand,Sri Lanka,no result,-,Auckland,2015-01-17,ODI # 3580,No Result
817,Afghanistan,Ireland,Afghanistan,71 runs,Dubai (DSC),2015-01-17,ODI # 3581,Team 1
818,Australia,India,Australia,4 wickets,Melbourne,2015-01-18,ODI # 3582,Team 1
819,South Africa,West Indies,South Africa,148 runs,Johannesburg,2015-01-18,ODI # 3583,Team 1
820,Ireland,Scotland,no result,-,ICCA Dubai,2015-01-19,ODI # 3584,No Result
821,New Zealand,Sri Lanka,New Zealand,4 wickets,Nelson,2015-01-20,ODI # 3585,Team 1
822,England,India,England,9 wickets,Brisbane,2015-01-20,ODI # 3586,Team 1
823,South Africa,West Indies,South Africa,9 wickets,East London,2015-01-21,ODI # 3587,Team 1
824,New Zealand,Sri Lanka,New Zealand,108 runs,Dunedin,2015-01-23,ODI # 3588,Team 1
825,Australia,England,Australia,3 wickets,Hobart,2015-01-23,ODI # 3589,Team 1
826,New Zealand,Sri Lanka,New Zealand,120 runs,Dunedin,2015-01-25,ODI # 3590,Team 1
827,South Africa,West Indies,West Indies,1 wicket,Gqeberha,2015-01-25,ODI # 3591,Team 2
828,Australia,India,no result,-,Sydney,2015-01-26,ODI # 3592,No Result
829,South Africa,West Indies,South Africa,131 runs,Centurion,2015-01-28,ODI # 3593,Team 1
830,New Zealand,Sri Lanka,Sri Lanka,34 runs,Wellington,2015-01-29,ODI # 3594,Team 2
831,England,India,England,3 wickets,Perth,2015-01-30,ODI # 3595,Team 1
832,New Zealand,Pakistan,New Zealand,7 wickets,Wellington,2015-01-31,ODI # 3596,Team 1
833,Australia,England,Australia,112 runs,Perth,2015-02-01,ODI # 3597,Team 1
834,New Zealand,Pakistan,New Zealand,119 runs,Napier,2015-02-03,ODI # 3598,Team 1
835,New Zealand,Sri Lanka,New Zealand,98 runs,Christchurch,2015-02-14,ODI # 3599,Team 1
836,Australia,England,Australia,111 runs,Melbourne,2015-02-14,ODI # 3600,Team 1
837,South Africa,Zimbabwe,South Africa,62 runs,Hamilton,2015-02-15,ODI # 3601,Team 1
838,India,Pakistan,India,76 runs,Adelaide,2015-02-15,ODI # 3602,Team 1
839,Ireland,West Indies,Ireland,4 wickets,Nelson,2015-02-16,ODI # 3603,Team 1
840,New Zealand,Scotland,New Zealand,3 wickets,Dunedin,2015-02-17,ODI # 3604,Team 1
841,Afghanistan,Bangladesh,Bangladesh,105 runs,Canberra,2015-02-18,ODI # 3605,Team 2
842,U.A.E.,Zimbabwe,Zimbabwe,4 wickets,Nelson,2015-02-19,ODI # 3606,Team 2
843,New Zealand,England,New Zealand,8 wickets,Wellington,2015-02-20,ODI # 3607,Team 1
844,Pakistan,West Indies,West Indies,150 runs,Christchurch,2015-02-21,ODI # 3608,Team 2
845,Afghanistan,Sri Lanka,Sri Lanka,4 wickets,Dunedin,2015-02-22,ODI # 3609,Team 2
846,India,South Africa,India,130 runs,Melbourne,2015-02-22,ODI # 3610,Team 1
847,England,Scotland,England,119 runs,Christchurch,2015-02-23,ODI # 3611,Team 1
848,West Indies,Zimbabwe,West Indies,73 runs,Canberra,2015-02-24,ODI # 3612,Team 1
849,Ireland,U.A.E.,Ireland,2 wickets,Brisbane,2015-02-25,ODI # 3613,Team 1
850,Afghanistan,Scotland,Afghanistan,1 wicket,Dunedin,2015-02-26,ODI # 3614,Team 1
851,Bangladesh,Sri Lanka,Sri Lanka,92 runs,Melbourne,2015-02-26,ODI # 3615,Team 2
852,South Africa,West Indies,South Africa,257 runs,Sydney,2015-02-27,ODI # 3616,Team 1
853,New Zealand,Australia,New Zealand,1 wicket,Auckland,2015-02-28,ODI # 3617,Team 1
854,India,U.A.E.,India,9 wickets,Perth,2015-02-28,ODI # 3618,Team 1
855,England,Sri Lanka,Sri Lanka,9 wickets,Wellington,2015-03-01,ODI # 3619,Team 2
856,Pakistan,Zimbabwe,Pakistan,20 runs,Brisbane,2015-03-01,ODI # 3620,Team 1
857,Ireland,South Africa,South Africa,201 runs,Canberra,2015-03-03,ODI # 3621,Team 2
858,Pakistan,U.A.E.,Pakistan,129 runs,Napier,2015-03-04,ODI # 3622,Team 1
859,Australia,Afghanistan,Australia,275 runs,Perth,2015-03-04,ODI # 3623,Team 1
860,Bangladesh,Scotland,Bangladesh,6 wickets,Nelson,2015-03-05,ODI # 3624,Team 1
861,India,West Indies,India,4 wickets,Perth,2015-03-06,ODI # 3625,Team 1
862,Pakistan,South Africa,Pakistan,29 runs,Auckland,2015-03-07,ODI # 3626,Team 1
863,Ireland,Zimbabwe,Ireland,5 runs,Hobart,2015-03-07,ODI # 3627,Team 1
864,New Zealand,Afghanistan,New Zealand,6 wickets,Napier,2015-03-08,ODI # 3628,Team 1
865,Australia,Sri Lanka,Australia,64 runs,Sydney,2015-03-08,ODI # 3629,Team 1
866,Bangladesh,England,Bangladesh,15 runs,Adelaide,2015-03-09,ODI # 3630,Team 1
867,India,Ireland,India,8 wickets,Hamilton,2015-03-10,ODI # 3631,Team 1
868,Scotland,Sri Lanka,Sri Lanka,148 runs,Hobart,2015-03-11,ODI # 3632,Team 2
869,South Africa,U.A.E.,South Africa,146 runs,Wellington,2015-03-12,ODI # 3633,Team 1
870,New Zealand,Bangladesh,New Zealand,3 wickets,Hamilton,2015-03-13,ODI # 3634,Team 1
871,Afghanistan,England,England,9 wickets,Sydney,2015-03-13,ODI # 3635,Team 2
872,India,Zimbabwe,India,6 wickets,Auckland,2015-03-14,ODI # 3636,Team 1
873,Australia,Scotland,Australia,7 wickets,Hobart,2015-03-14,ODI # 3637,Team 1
874,U.A.E.,West Indies,West Indies,6 wickets,Napier,2015-03-15,ODI # 3638,Team 2
875,Ireland,Pakistan,Pakistan,7 wickets,Adelaide,2015-03-15,ODI # 3639,Team 2
876,South Africa,Sri Lanka,South Africa,9 wickets,Sydney,2015-03-18,ODI # 3640,Team 1
877,Bangladesh,India,India,109 runs,Melbourne,2015-03-19,ODI # 3641,Team 2
878,Australia,Pakistan,Australia,6 wickets,Adelaide,2015-03-20,ODI # 3642,Team 1
879,New Zealand,West Indies,New Zealand,143 runs,Wellington,2015-03-21,ODI # 3643,Team 1
880,New Zealand,South Africa,New Zealand,4 wickets,Auckland,2015-03-24,ODI # 3644,Team 1
881,Australia,India,Australia,95 runs,Sydney,2015-03-26,ODI # 3645,Team 1
882,Australia,New Zealand,Australia,7 wickets,Melbourne,2015-03-29,ODI # 3646,Team 1
883,Bangladesh,Pakistan,Bangladesh,79 runs,Mirpur,2015-04-17,ODI # 3647,Team 1
884,Bangladesh,Pakistan,Bangladesh,7 wickets,Mirpur,2015-04-19,ODI # 3648,Team 1
885,Bangladesh,Pakistan,Bangladesh,8 wickets,Mirpur,2015-04-22,ODI # 3649,Team 1
886,Ireland,England,no result,-,Dublin (Malahide),2015-05-08,ODI # 3650,No Result
887,Pakistan,Zimbabwe,Pakistan,41 runs,Lahore,2015-05-26,ODI # 3651,Team 1
888,Pakistan,Zimbabwe,Pakistan,6 wickets,Lahore,2015-05-29,ODI # 3652,Team 1
889,Pakistan,Zimbabwe,no result,-,Lahore,2015-05-31,ODI # 3653,No Result
890,England,New Zealand,England,210 runs,Birmingham,2015-06-09,ODI # 3654,Team 1
891,England,New Zealand,New Zealand,13 runs,The Oval,2015-06-12,ODI # 3655,Team 2
892,England,New Zealand,New Zealand,3 wickets,Southampton,2015-06-14,ODI # 3656,Team 2
893,England,New Zealand,England,7 wickets,Nottingham,2015-06-17,ODI # 3657,Team 1
894,Bangladesh,India,Bangladesh,79 runs,Mirpur,2015-06-18,ODI # 3658,Team 1
895,England,New Zealand,England,3 wickets,Chester-le-Street,2015-06-20,ODI # 3659,Team 1
896,Bangladesh,India,Bangladesh,6 wickets,Mirpur,2015-06-21,ODI # 3660,Team 1
897,Bangladesh,India,India,77 runs,Mirpur,2015-06-24,ODI # 3661,Team 2
898,Zimbabwe,India,India,4 runs,Harare,2015-07-10,ODI # 3662,Team 2
899,Bangladesh,South Africa,South Africa,8 wickets,Mirpur,2015-07-10,ODI # 3663,Team 2
900,Sri Lanka,Pakistan,Pakistan,6 wickets,Dambulla,2015-07-11,ODI # 3664,Team 2
901,Zimbabwe,India,India,62 runs,Harare,2015-07-12,ODI # 3665,Team 2
902,Bangladesh,South Africa,Bangladesh,7 wickets,Mirpur,2015-07-12,ODI # 3666,Team 1
903,Zimbabwe,India,India,83 runs,Harare,2015-07-14,ODI # 3667,Team 2
904,Bangladesh,South Africa,Bangladesh,9 wickets,Chattogram,2015-07-15,ODI # 3668,Team 1
905,Sri Lanka,Pakistan,Sri Lanka,2 wickets,Pallekele,2015-07-15,ODI # 3669,Team 1
906,Sri Lanka,Pakistan,Pakistan,135 runs,Colombo (RPS),2015-07-19,ODI # 3670,Team 2
907,Sri Lanka,Pakistan,Pakistan,7 wickets,Colombo (RPS),2015-07-22,ODI # 3671,Team 2
908,Sri Lanka,Pakistan,Sri Lanka,165 runs,Hambantota,2015-07-26,ODI # 3672,Team 1
909,Zimbabwe,New Zealand,Zimbabwe,7 wickets,Harare,2015-08-02,ODI # 3673,Team 1
910,Zimbabwe,New Zealand,New Zealand,10 wickets,Harare,2015-08-04,ODI # 3674,Team 2
911,Zimbabwe,New Zealand,New Zealand,38 runs,Harare,2015-08-07,ODI # 3675,Team 2
912,South Africa,New Zealand,South Africa,20 runs,Centurion,2015-08-19,ODI # 3676,Team 1
913,South Africa,New Zealand,New Zealand,8 wickets,Potchefstroom,2015-08-23,ODI # 3677,Team 2
914,South Africa,New Zealand,South Africa,62 runs,Durban,2015-08-26,ODI # 3678,Team 1
915,Ireland,Australia,Australia,23 runs,Belfast,2015-08-27,ODI # 3679,Team 2
916,England,Australia,Australia,59 runs,Southampton,2015-09-03,ODI # 3680,Team 2
917,England,Australia,Australia,64 runs,Lord's,2015-09-05,ODI # 3681,Team 2
918,England,Australia,England,93 runs,Manchester,2015-09-08,ODI # 3682,Team 1
919,England,Australia,England,3 wickets,Leeds,2015-09-11,ODI # 3683,Team 1
920,England,Australia,Australia,8 wickets,Manchester,2015-09-13,ODI # 3684,Team 2
921,Zimbabwe,Pakistan,Pakistan,131 runs,Harare,2015-10-01,ODI # 3685,Team 2
922,Zimbabwe,Pakistan,Zimbabwe,5 runs,Harare,2015-10-03,ODI # 3686,Team 1
923,Zimbabwe,Pakistan,Pakistan,7 wickets,Harare,2015-10-05,ODI # 3687,Team 2
924,Zimbabwe,Ireland,Zimbabwe,2 wickets,Harare,2015-10-09,ODI # 3688,Team 1
925,India,South Africa,South Africa,5 runs,Kanpur,2015-10-11,ODI # 3689,Team 2
926,Zimbabwe,Ireland,Zimbabwe,5 wickets,Harare,2015-10-11,ODI # 3690,Team 1
927,Zimbabwe,Ireland,Ireland,2 wickets,Harare,2015-10-13,ODI # 3691,Team 2
928,India,South Africa,India,22 runs,Indore,2015-10-14,ODI # 3692,Team 1
929,Zimbabwe,Afghanistan,Zimbabwe,8 wickets,Bulawayo,2015-10-16,ODI # 3693,Team 1
930,Zimbabwe,Afghanistan,Afghanistan,58 runs,Bulawayo,2015-10-18,ODI # 3694,Team 2
931,India,South Africa,South Africa,18 runs,Rajkot,2015-10-18,ODI # 3695,Team 2
932,Zimbabwe,Afghanistan,Zimbabwe,6 wickets,Bulawayo,2015-10-20,ODI # 3696,Team 1
933,Zimbabwe,Afghanistan,Afghanistan,3 wickets,Bulawayo,2015-10-22,ODI # 3697,Team 2
934,India,South Africa,India,35 runs,Chennai,2015-10-22,ODI # 3698,Team 1
935,Zimbabwe,Afghanistan,Afghanistan,73 runs,Bulawayo,2015-10-24,ODI # 3699,Team 2
936,India,South Africa,South Africa,214 runs,Wankhede,2015-10-25,ODI # 3700,Team 2
937,Sri Lanka,West Indies,Sri Lanka,1 wicket,Colombo (RPS),2015-11-01,ODI # 3701,Team 1
938,Sri Lanka,West Indies,Sri Lanka,8 wickets,Colombo (RPS),2015-11-04,ODI # 3702,Team 1
939,Bangladesh,Zimbabwe,Bangladesh,145 runs,Mirpur,2015-11-07,ODI # 3703,Team 1
940,Sri Lanka,West Indies,Sri Lanka,19 runs,Pallekele,2015-11-07,ODI # 3704,Team 1
941,Bangladesh,Zimbabwe,Bangladesh,58 runs,Mirpur,2015-11-09,ODI # 3705,Team 1
942,Bangladesh,Zimbabwe,Bangladesh,61 runs,Mirpur,2015-11-11,ODI # 3706,Team 1
943,England,Pakistan,Pakistan,6 wickets,Abu Dhabi,2015-11-11,ODI # 3707,Team 2
944,England,Pakistan,England,95 runs,Abu Dhabi,2015-11-13,ODI # 3708,Team 1
945,U.A.E.,Hong Kong,Hong Kong,89 runs,ICCA Dubai,2015-11-16,ODI # 3709,Team 2
946,England,Pakistan,England,6 wickets,Sharjah,2015-11-17,ODI # 3710,Team 1
947,U.A.E.,Hong Kong,Hong Kong,136 runs,ICCA Dubai,2015-11-18,ODI # 3711,Team 2
948,England,Pakistan,England,84 runs,Dubai (DSC),2015-11-20,ODI # 3712,Team 1
949,Afghanistan,Zimbabwe,Afghanistan,49 runs,Sharjah,2015-12-25,ODI # 3713,Team 1
950,New Zealand,Sri Lanka,New Zealand,7 wickets,Christchurch,2015-12-26,ODI # 3714,Team 1
951,New Zealand,Sri Lanka,New Zealand,10 wickets,Christchurch,2015-12-28,ODI # 3715,Team 1
952,Afghanistan,Zimbabwe,Afghanistan,4 wickets,Sharjah,2015-12-29,ODI # 3716,Team 1
953,New Zealand,Sri Lanka,Sri Lanka,8 wickets,Nelson,2015-12-31,ODI # 3717,Team 2
954,New Zealand,Sri Lanka,no result,-,Nelson,2016-01-02,ODI # 3718,No Result
955,Afghanistan,Zimbabwe,Zimbabwe,117 runs,Sharjah,2016-01-02,ODI # 3719,Team 2
956,Afghanistan,Zimbabwe,Zimbabwe,65 runs,Sharjah,2016-01-04,ODI # 3720,Team 2
957,New Zealand,Sri Lanka,New Zealand,36 runs,Mount Maunganui,2016-01-05,ODI # 3721,Team 1
958,Afghanistan,Zimbabwe,Afghanistan,2 wickets,Sharjah,2016-01-06,ODI # 3722,Team 1
959,Australia,India,Australia,5 wickets,Perth,2016-01-12,ODI # 3723,Team 1
960,Australia,India,Australia,7 wickets,Brisbane,2016-01-15,ODI # 3724,Team 1
961,Australia,India,Australia,3 wickets,Melbourne,2016-01-17,ODI # 3725,Team 1
962,Australia,India,Australia,25 runs,Canberra,2016-01-20,ODI # 3726,Team 1
963,Australia,India,India,6 wickets,Sydney,2016-01-23,ODI # 3727,Team 2
964,New Zealand,Pakistan,New Zealand,70 runs,Wellington,2016-01-25,ODI # 3728,Team 1
965,Hong Kong,Scotland,Hong Kong,109 runs,Mong Kok,2016-01-26,ODI # 3729,Team 1
966,New Zealand,Pakistan,New Zealand,3 wickets,Auckland,2016-01-31,ODI # 3730,Team 1
967,New Zealand,Australia,New Zealand,159 runs,Auckland,2016-02-03,ODI # 3731,Team 1
968,South Africa,England,England,39 runs,Bloemfontein,2016-02-03,ODI # 3732,Team 2
969,New Zealand,Australia,Australia,4 wickets,Wellington,2016-02-06,ODI # 3733,Team 2
970,South Africa,England,England,5 wickets,Gqeberha,2016-02-06,ODI # 3734,Team 2
971,New Zealand,Australia,New Zealand,55 runs,Hamilton,2016-02-08,ODI # 3735,Team 1
972,South Africa,England,South Africa,7 wickets,Centurion,2016-02-09,ODI # 3736,Team 1
973,South Africa,England,South Africa,1 wicket,Johannesburg,2016-02-12,ODI # 3737,Team 1
974,South Africa,England,South Africa,5 wickets,Cape Town,2016-02-14,ODI # 3738,Team 1
975,West Indies,South Africa,West Indies,4 wickets,Providence,2016-06-03,ODI # 3739,Team 1
976,West Indies,Australia,Australia,6 wickets,Providence,2016-06-05,ODI # 3740,Team 2
977,Australia,South Africa,South Africa,47 runs,Providence,2016-06-07,ODI # 3741,Team 2
978,Zimbabwe,India,India,9 wickets,Harare,2016-06-11,ODI # 3742,Team 2
979,Australia,South Africa,Australia,36 runs,Basseterre,2016-06-11,ODI # 3743,Team 1
980,Zimbabwe,India,India,8 wickets,Harare,2016-06-13,ODI # 3744,Team 2
981,West Indies,Australia,West Indies,4 wickets,Basseterre,2016-06-13,ODI # 3745,Team 1
982,Zimbabwe,India,India,10 wickets,Harare,2016-06-15,ODI # 3746,Team 2
983,West Indies,South Africa,South Africa,139 runs,Basseterre,2016-06-15,ODI # 3747,Team 2
984,Ireland,Sri Lanka,Sri Lanka,76 runs,Dublin (Malahide),2016-06-16,ODI # 3748,Team 2
985,Ireland,Sri Lanka,Sri Lanka,136 runs,Dublin (Malahide),2016-06-18,ODI # 3749,Team 2
986,Australia,South Africa,no result,-,Bridgetown,2016-06-19,ODI # 3750,No Result
987,England,Sri Lanka,tied,-,Nottingham,2016-06-21,ODI # 3751,No Result
988,West Indies,Australia,Australia,6 wickets,Bridgetown,2016-06-21,ODI # 3752,Team 2
989,England,Sri Lanka,England,10 wickets,Birmingham,2016-06-24,ODI # 3753,Team 1
990,West Indies,South Africa,West Indies,100 runs,Bridgetown,2016-06-24,ODI # 3754,Team 1
991,England,Sri Lanka,no result,-,Bristol,2016-06-26,ODI # 3755,No Result
992,West Indies,Australia,Australia,58 runs,Bridgetown,2016-06-26,ODI # 3756,Team 2
993,England,Sri Lanka,England,6 wickets,The Oval,2016-06-29,ODI # 3757,Team 1
994,England,Sri Lanka,England,122 runs,Cardiff,2016-07-02,ODI # 3758,Team 1
995,Scotland,Afghanistan,no result,-,Edinburgh,2016-07-04,ODI # 3759,No Result
996,Scotland,Afghanistan,Afghanistan,78 runs,Edinburgh,2016-07-06,ODI # 3760,Team 2
997,Ireland,Afghanistan,Afghanistan,39 runs,Belfast,2016-07-12,ODI # 3761,Team 2
998,Ireland,Afghanistan,Ireland,6 wickets,Belfast,2016-07-14,ODI # 3762,Team 1
999,Ireland,Afghanistan,Afghanistan,79 runs,Belfast,2016-07-17,ODI # 3763,Team 2
1000,Ireland,Afghanistan,Ireland,12 runs,Belfast,2016-07-19,ODI # 3764,Team 1
1001,Scotland,U.A.E.,Scotland,98 runs,Edinburgh,2016-08-14,ODI # 3765,Team 1
1002,Scotland,U.A.E.,Scotland,7 wickets,Edinburgh,2016-08-16,ODI # 3766,Team 1
1003,Ireland,Pakistan,Pakistan,255 runs,Dublin (Malahide),2016-08-18,ODI # 3767,Team 2
1004,Sri Lanka,Australia,Australia,3 wickets,Colombo (RPS),2016-08-21,ODI # 3768,Team 2
1005,Sri Lanka,Australia,Sri Lanka,82 runs,Colombo (RPS),2016-08-24,ODI # 3769,Team 1
1006,England,Pakistan,England,44 runs,Southampton,2016-08-24,ODI # 3770,Team 1
1007,England,Pakistan,England,4 wickets,Lord's,2016-08-27,ODI # 3771,Team 1
1008,Sri Lanka,Australia,Australia,2 wickets,Dambulla,2016-08-28,ODI # 3772,Team 2
1009,England,Pakistan,England,169 runs,Nottingham,2016-08-30,ODI # 3773,Team 1
1010,Sri Lanka,Australia,Australia,6 wickets,Dambulla,2016-08-31,ODI # 3774,Team 2
1011,England,Pakistan,England,4 wickets,Leeds,2016-09-01,ODI # 3775,Team 1
1012,Sri Lanka,Australia,Australia,5 wickets,Pallekele,2016-09-04,ODI # 3776,Team 2
1013,England,Pakistan,Pakistan,4 wickets,Cardiff,2016-09-04,ODI # 3777,Team 2
1014,Scotland,Hong Kong,no result,-,Edinburgh,2016-09-08,ODI # 3778,No Result
1015,Scotland,Hong Kong,Scotland,53 runs,Edinburgh,2016-09-10,ODI # 3779,Team 1
1016,South Africa,Ireland,South Africa,206 runs,Benoni,2016-09-25,ODI # 3780,Team 1
1017,Bangladesh,Afghanistan,Bangladesh,7 runs,Mirpur,2016-09-25,ODI # 3781,Team 1
1018,Australia,Ireland,Australia,9 wickets,Benoni,2016-09-27,ODI # 3782,Team 1
1019,Bangladesh,Afghanistan,Afghanistan,2 wickets,Mirpur,2016-09-28,ODI # 3783,Team 2
1020,Pakistan,West Indies,Pakistan,111 runs,Sharjah,2016-09-30,ODI # 3784,Team 1
1021,South Africa,Australia,South Africa,6 wickets,Centurion,2016-09-30,ODI # 3785,Team 1
1022,Bangladesh,Afghanistan,Bangladesh,141 runs,Mirpur,2016-10-01,ODI # 3786,Team 1
1023,South Africa,Australia,South Africa,142 runs,Johannesburg,2016-10-02,ODI # 3787,Team 1
1024,Pakistan,West Indies,Pakistan,59 runs,Sharjah,2016-10-02,ODI # 3788,Team 1
1025,Pakistan,West Indies,Pakistan,136 runs,Abu Dhabi,2016-10-05,ODI # 3789,Team 1
1026,South Africa,Australia,South Africa,4 wickets,Durban,2016-10-05,ODI # 3790,Team 1
1027,Bangladesh,England,England,21 runs,Mirpur,2016-10-07,ODI # 3791,Team 2
1028,South Africa,Australia,South Africa,6 wickets,Gqeberha,2016-10-09,ODI # 3792,Team 1
1029,Bangladesh,England,Bangladesh,34 runs,Mirpur,2016-10-09,ODI # 3793,Team 1
1030,Bangladesh,England,England,4 wickets,Chattogram,2016-10-12,ODI # 3794,Team 2
1031,South Africa,Australia,South Africa,31 runs,Cape Town,2016-10-12,ODI # 3795,Team 1
1032,India,New Zealand,India,6 wickets,Dharamsala,2016-10-16,ODI # 3796,Team 1
1033,India,New Zealand,New Zealand,6 runs,Delhi,2016-10-20,ODI # 3797,Team 2
1034,India,New Zealand,India,7 wickets,Mohali,2016-10-23,ODI # 3798,Team 1
1035,India,New Zealand,New Zealand,19 runs,Ranchi,2016-10-26,ODI # 3799,Team 2
1036,India,New Zealand,India,190 runs,Visakhapatnam,2016-10-29,ODI # 3800,Team 1
1037,Hong Kong,P.N.G.,Hong Kong,106 runs,Mong Kok,2016-11-04,ODI # 3801,Team 1
1038,Hong Kong,P.N.G.,P.N.G.,14 runs,Mong Kok,2016-11-06,ODI # 3802,Team 2
1039,Hong Kong,P.N.G.,Hong Kong,7 wickets,Mong Kok,2016-11-08,ODI # 3803,Team 1
1040,Zimbabwe,Sri Lanka,Sri Lanka,8 wickets,Harare,2016-11-14,ODI # 3804,Team 2
1041,Sri Lanka,West Indies,West Indies,62 runs,Harare,2016-11-16,ODI # 3805,Team 2
1042,Zimbabwe,West Indies,tied,-,Bulawayo,2016-11-19,ODI # 3806,No Result
1043,Zimbabwe,Sri Lanka,no result,-,Bulawayo,2016-11-21,ODI # 3807,No Result
1044,Sri Lanka,West Indies,Sri Lanka,1 run,Bulawayo,2016-11-23,ODI # 3808,Team 1
1045,Zimbabwe,West Indies,Zimbabwe,5 runs,Bulawayo,2016-11-25,ODI # 3809,Team 1
1046,Zimbabwe,Sri Lanka,Sri Lanka,6 wickets,Bulawayo,2016-11-27,ODI # 3810,Team 2
1047,Australia,New Zealand,Australia,68 runs,Sydney,2016-12-04,ODI # 3811,Team 1
1048,Australia,New Zealand,Australia,116 runs,Canberra,2016-12-06,ODI # 3812,Team 1
1049,Australia,New Zealand,Australia,117 runs,Melbourne,2016-12-09,ODI # 3813,Team 1
1050,New Zealand,Bangladesh,New Zealand,77 runs,Christchurch,2016-12-26,ODI # 3814,Team 1
1051,New Zealand,Bangladesh,New Zealand,67 runs,Nelson,2016-12-29,ODI # 3815,Team 1
1052,New Zealand,Bangladesh,New Zealand,8 wickets,Nelson,2016-12-31,ODI # 3816,Team 1